0,0.00000000000000000,0,,,plausibleUnitConceptIds,CONCEPT,"The number and percent of records for a given CONCEPT_ID 3006315 (BASOPHILS [#/VOLUME] IN BLOOD) with implausible units (i.e., UNIT_CONCEPT_ID NOT IN  (8784,8848,8961,9444)).",MEASUREMENT,MEASUREMENT_CONCEPT_ID,3006315,NA,concept_plausible_UNIT_CONCEPT_IDs.sql,Plausibility,Atemporal,Verification,,,concept_plausibleunitconceptids_measurement_measurement_concept_id_3006315,0,0,0,1,NULL,5,NULL
0,0.00000000000000000,0,,,plausibleUnitConceptIds,CONCEPT,"The number and percent of records for a given CONCEPT_ID 40487382 (TOTAL LYMPHOCYTE COUNT) with implausible units (i.e., UNIT_CONCEPT_ID NOT IN  (8784,8848,8961)).",MEASUREMENT,MEASUREMENT_CONCEPT_ID,40487382,NA,concept_plausible_UNIT_CONCEPT_IDs.sql,Plausibility,Atemporal,Verification,,,concept_plausibleunitconceptids_measurement_measurement_concept_id_40487382,0,0,0,1,NULL,5,NULL
0,0.00000000000000000,0,,,plausibleUnitConceptIds,CONCEPT,"The number and percent of records for a given CONCEPT_ID 3019198 (LYMPHOCYTES [#/VOLUME] IN BLOOD) with implausible units (i.e., UNIT_CONCEPT_ID NOT IN  (8784,8848,8961,9444)).",MEASUREMENT,MEASUREMENT_CONCEPT_ID,3019198,NA,concept_plausible_UNIT_CONCEPT_IDs.sql,Plausibility,Atemporal,Verification,,,concept_plausibleunitconceptids_measurement_measurement_concept_id_3019198,0,0,0,1,NULL,5,NULL
491,0.50000000000000000,982,,,plausibleUnitConceptIds,CONCEPT,"The number and percent of records for a given CONCEPT_ID 3034426 (PROTHROMBIN TIME (PT)) with implausible units (i.e., UNIT_CONCEPT_ID NOT IN  (8555)).",MEASUREMENT,MEASUREMENT_CONCEPT_ID,3034426,NA,concept_plausible_UNIT_CONCEPT_IDs.sql,Plausibility,Atemporal,Verification,,,concept_plausibleunitconceptids_measurement_measurement_concept_id_3034426,0,0,1,0,NULL,5,NULL
0,0.00000000000000000,0,,,plausibleUnitConceptIds,CONCEPT,"The number and percent of records for a given CONCEPT_ID 3043688 (HEMOGLOBIN [MASS/VOLUME] IN BODY FLUID) with implausible units (i.e., UNIT_CONCEPT_ID NOT IN  (8713)).",MEASUREMENT,MEASUREMENT_CONCEPT_ID,3043688,NA,concept_plausible_UNIT_CONCEPT_IDs.sql,Plausibility,Atemporal,Verification,,,concept_plausibleunitconceptids_measurement_measurement_concept_id_3043688,0,0,0,1,NULL,5,NULL
0,0.00000000000000000,0,,,plausibleUnitConceptIds,CONCEPT,"The number and percent of records for a given CONCEPT_ID 3046485 (UREA NITROGEN/CREATININE [MASS RATIO] IN BLOOD) with implausible units (i.e., UNIT_CONCEPT_ID NOT IN  (8523,8554,8596,-1)).",MEASUREMENT,MEASUREMENT_CONCEPT_ID,3046485,NA,concept_plausible_UNIT_CONCEPT_IDs.sql,Plausibility,Atemporal,Verification,,,concept_plausibleunitconceptids_measurement_measurement_concept_id_3046485,0,0,0,1,NULL,5,NULL
0,0.00000000000000000,0,,,plausibleUnitConceptIds,CONCEPT,"The number and percent of records for a given CONCEPT_ID 4216098 (EOSINOPHIL COUNT) with implausible units (i.e., UNIT_CONCEPT_ID NOT IN  (8784,8848,8961,9444)).",MEASUREMENT,MEASUREMENT_CONCEPT_ID,4216098,NA,concept_plausible_UNIT_CONCEPT_IDs.sql,Plausibility,Atemporal,Verification,,,concept_plausibleunitconceptids_measurement_measurement_concept_id_4216098,0,0,0,1,NULL,5,NULL
0,0.00000000000000000,0,,,plausibleUnitConceptIds,CONCEPT,"The number and percent of records for a given CONCEPT_ID 4245152 (POTASSIUM MEASUREMENT) with implausible units (i.e., UNIT_CONCEPT_ID NOT IN  (8736,8753,9557)).",MEASUREMENT,MEASUREMENT_CONCEPT_ID,4245152,NA,concept_plausible_UNIT_CONCEPT_IDs.sql,Plausibility,Atemporal,Verification,,,concept_plausibleunitconceptids_measurement_measurement_concept_id_4245152,0,0,0,1,NULL,5,NULL
39769,1.00000000000000000,39769,,,plausibleUnitConceptIds,CONCEPT,"The number and percent of records for a given CONCEPT_ID 43055141 (PAIN SEVERITY - 0-10 VERBAL NUMERIC RATING [SCORE] - REPORTED) with implausible units (i.e., UNIT_CONCEPT_ID NOT IN  (-1)).",MEASUREMENT,MEASUREMENT_CONCEPT_ID,43055141,NA,concept_plausible_UNIT_CONCEPT_IDs.sql,Plausibility,Atemporal,Verification,,,concept_plausibleunitconceptids_measurement_measurement_concept_id_43055141,0,0,1,0,NULL,5,NULL
4812,0.99979222937876584,4813,,,plausibleUnitConceptIds,CONCEPT,"The number and percent of records for a given CONCEPT_ID 3006923 (ALANINE AMINOTRANSFERASE [ENZYMATIC ACTIVITY/VOLUME] IN SERUM OR PLASMA) with implausible units (i.e., UNIT_CONCEPT_ID NOT IN  (8645,8923)).",MEASUREMENT,MEASUREMENT_CONCEPT_ID,3006923,NA,concept_plausible_UNIT_CONCEPT_IDs.sql,Plausibility,Atemporal,Verification,,,concept_plausibleunitconceptids_measurement_measurement_concept_id_3006923,0,0,1,0,NULL,5,NULL
0,0.00000000000000000,229,,,plausibleUnitConceptIds,CONCEPT,"The number and percent of records for a given CONCEPT_ID 3021044 (IRON BINDING CAPACITY [MASS/VOLUME] IN SERUM OR PLASMA) with implausible units (i.e., UNIT_CONCEPT_ID NOT IN  (8837)).",MEASUREMENT,MEASUREMENT_CONCEPT_ID,3021044,NA,concept_plausible_UNIT_CONCEPT_IDs.sql,Plausibility,Atemporal,Verification,,,concept_plausibleunitconceptids_measurement_measurement_concept_id_3021044,0,0,0,1,NULL,5,NULL
0,0.00000000000000000,17195,,,plausibleUnitConceptIds,CONCEPT,"The number and percent of records for a given CONCEPT_ID 3024171 (RESPIRATORY RATE) with implausible units (i.e., UNIT_CONCEPT_ID NOT IN  (8483,8541)).",MEASUREMENT,MEASUREMENT_CONCEPT_ID,3024171,NA,concept_plausible_UNIT_CONCEPT_IDs.sql,Plausibility,Atemporal,Verification,,,concept_plausibleunitconceptids_measurement_measurement_concept_id_3024171,0,0,0,1,NULL,5,NULL
0,0.00000000000000000,5680,,,plausibleUnitConceptIds,CONCEPT,"The number and percent of records for a given CONCEPT_ID 3027114 (CHOLESTEROL [MASS/VOLUME] IN SERUM OR PLASMA) with implausible units (i.e., UNIT_CONCEPT_ID NOT IN  (8840)).",MEASUREMENT,MEASUREMENT_CONCEPT_ID,3027114,NA,concept_plausible_UNIT_CONCEPT_IDs.sql,Plausibility,Atemporal,Verification,,,concept_plausibleunitconceptids_measurement_measurement_concept_id_3027114,0,0,0,1,NULL,5,NULL
0,0.00000000000000000,0,,,plausibleUnitConceptIds,CONCEPT,"The number and percent of records for a given CONCEPT_ID 40762499 (OXYGEN SATURATION IN ARTERIAL BLOOD BY PULSE OXIMETRY) with implausible units (i.e., UNIT_CONCEPT_ID NOT IN  (8554,-1)).",MEASUREMENT,MEASUREMENT_CONCEPT_ID,40762499,NA,concept_plausible_UNIT_CONCEPT_IDs.sql,Plausibility,Atemporal,Verification,,,concept_plausibleunitconceptids_measurement_measurement_concept_id_40762499,0,0,0,1,NULL,5,NULL
0,0.00000000000000000,3885,,,plausibleUnitConceptIds,CONCEPT,"The number and percent of records for a given CONCEPT_ID 3000963 (HEMOGLOBIN [MASS/VOLUME] IN BLOOD) with implausible units (i.e., UNIT_CONCEPT_ID NOT IN  (8636,8713)).",MEASUREMENT,MEASUREMENT_CONCEPT_ID,3000963,NA,concept_plausible_UNIT_CONCEPT_IDs.sql,Plausibility,Atemporal,Verification,,,concept_plausibleunitconceptids_measurement_measurement_concept_id_3000963,0,0,0,1,NULL,5,NULL
0,0.00000000000000000,0,,,plausibleUnitConceptIds,CONCEPT,"The number and percent of records for a given CONCEPT_ID 3001604 (MONOCYTES [#/VOLUME] IN BLOOD) with implausible units (i.e., UNIT_CONCEPT_ID NOT IN  (8848,8961,9444)).",MEASUREMENT,MEASUREMENT_CONCEPT_ID,3001604,NA,concept_plausible_UNIT_CONCEPT_IDs.sql,Plausibility,Atemporal,Verification,,,concept_plausibleunitconceptids_measurement_measurement_concept_id_3001604,0,0,0,1,NULL,5,NULL
0,0.00000000000000000,0,,,plausibleUnitConceptIds,CONCEPT,"The number and percent of records for a given CONCEPT_ID 3019069 (MONOCYTES/100 LEUKOCYTES IN BLOOD) with implausible units (i.e., UNIT_CONCEPT_ID NOT IN  (8554)).",MEASUREMENT,MEASUREMENT_CONCEPT_ID,3019069,NA,concept_plausible_UNIT_CONCEPT_IDs.sql,Plausibility,Atemporal,Verification,,,concept_plausibleunitconceptids_measurement_measurement_concept_id_3019069,0,0,0,1,NULL,5,NULL
0,0.00000000000000000,0,,,plausibleUnitConceptIds,CONCEPT,"The number and percent of records for a given CONCEPT_ID 3022509 (HYALINE CASTS [#/AREA] IN URINE SEDIMENT BY MICROSCOPY LOW POWER FIELD) with implausible units (i.e., UNIT_CONCEPT_ID NOT IN  (8765)).",MEASUREMENT,MEASUREMENT_CONCEPT_ID,3022509,NA,concept_plausible_UNIT_CONCEPT_IDs.sql,Plausibility,Atemporal,Verification,,,concept_plausibleunitconceptids_measurement_measurement_concept_id_3022509,0,0,0,1,NULL,5,NULL
0,0.00000000000000000,0,,,plausibleUnitConceptIds,CONCEPT,"The number and percent of records for a given CONCEPT_ID 3028288 (CHOLESTEROL IN LDL [MASS/VOLUME] IN SERUM OR PLASMA BY CALCULATION) with implausible units (i.e., UNIT_CONCEPT_ID NOT IN  (8840,9028)).",MEASUREMENT,MEASUREMENT_CONCEPT_ID,3028288,NA,concept_plausible_UNIT_CONCEPT_IDs.sql,Plausibility,Atemporal,Verification,,,concept_plausibleunitconceptids_measurement_measurement_concept_id_3028288,0,0,0,1,NULL,5,NULL
0,0.00000000000000000,0,,,plausibleUnitConceptIds,CONCEPT,"The number and percent of records for a given CONCEPT_ID 4148615 (NEUTROPHIL COUNT) with implausible units (i.e., UNIT_CONCEPT_ID NOT IN  (8784,8848,8961)).",MEASUREMENT,MEASUREMENT_CONCEPT_ID,4148615,NA,concept_plausible_UNIT_CONCEPT_IDs.sql,Plausibility,Atemporal,Verification,,,concept_plausibleunitconceptids_measurement_measurement_concept_id_4148615,0,0,0,1,NULL,5,NULL
0,0.00000000000000000,0,,,plausibleUnitConceptIds,CONCEPT,"The number and percent of records for a given CONCEPT_ID 44806420 (ESTIMATION OF GLOMERULAR FILTRATION RATE) with implausible units (i.e., UNIT_CONCEPT_ID NOT IN  (720870,8795)).",MEASUREMENT,MEASUREMENT_CONCEPT_ID,44806420,NA,concept_plausible_UNIT_CONCEPT_IDs.sql,Plausibility,Atemporal,Verification,,,concept_plausibleunitconceptids_measurement_measurement_concept_id_44806420,0,0,0,1,NULL,5,NULL
0,0.00000000000000000,0,,,plausibleUnitConceptIds,CONCEPT,"The number and percent of records for a given CONCEPT_ID 3028437 (CHOLESTEROL IN LDL [MASS/VOLUME] IN SERUM OR PLASMA) with implausible units (i.e., UNIT_CONCEPT_ID NOT IN  (8840,9028)).",MEASUREMENT,MEASUREMENT_CONCEPT_ID,3028437,NA,concept_plausible_UNIT_CONCEPT_IDs.sql,Plausibility,Atemporal,Verification,,,concept_plausibleunitconceptids_measurement_measurement_concept_id_3028437,0,0,0,1,NULL,5,NULL
0,0.00000000000000000,0,,,plausibleUnitConceptIds,CONCEPT,"The number and percent of records for a given CONCEPT_ID 3016991 (THYROXINE (T4) [MASS/VOLUME] IN SERUM OR PLASMA) with implausible units (i.e., UNIT_CONCEPT_ID NOT IN  (8837)).",MEASUREMENT,MEASUREMENT_CONCEPT_ID,3016991,NA,concept_plausible_UNIT_CONCEPT_IDs.sql,Plausibility,Atemporal,Verification,,,concept_plausibleunitconceptids_measurement_measurement_concept_id_3016991,0,0,0,1,NULL,5,NULL
0,0.00000000000000000,0,,,plausibleUnitConceptIds,CONCEPT,"The number and percent of records for a given CONCEPT_ID 3026925 (TRIIODOTHYRONINE (T3) FREE [MASS/VOLUME] IN SERUM OR PLASMA) with implausible units (i.e., UNIT_CONCEPT_ID NOT IN  (8820,8845)).",MEASUREMENT,MEASUREMENT_CONCEPT_ID,3026925,NA,concept_plausible_UNIT_CONCEPT_IDs.sql,Plausibility,Atemporal,Verification,,,concept_plausibleunitconceptids_measurement_measurement_concept_id_3026925,0,0,0,1,NULL,5,NULL
0,0.00000000000000000,364,,,plausibleUnitConceptIds,CONCEPT,"The number and percent of records for a given CONCEPT_ID 3028615 (EOSINOPHILS [#/VOLUME] IN BLOOD BY AUTOMATED COUNT) with implausible units (i.e., UNIT_CONCEPT_ID NOT IN  (8784,8816,8848,8961,9436,9444)).",MEASUREMENT,MEASUREMENT_CONCEPT_ID,3028615,NA,concept_plausible_UNIT_CONCEPT_IDs.sql,Plausibility,Atemporal,Verification,,,concept_plausibleunitconceptids_measurement_measurement_concept_id_3028615,0,0,0,1,NULL,5,NULL
0,0.00000000000000000,0,,,plausibleUnitConceptIds,CONCEPT,"The number and percent of records for a given CONCEPT_ID 3051205 (CRYSTALS [#/AREA] IN URINE SEDIMENT BY MICROSCOPY HIGH POWER FIELD) with implausible units (i.e., UNIT_CONCEPT_ID NOT IN  (8786)).",MEASUREMENT,MEASUREMENT_CONCEPT_ID,3051205,NA,concept_plausible_UNIT_CONCEPT_IDs.sql,Plausibility,Atemporal,Verification,,,concept_plausibleunitconceptids_measurement_measurement_concept_id_3051205,0,0,0,1,NULL,5,NULL
0,0.00000000000000000,0,,,plausibleUnitConceptIds,CONCEPT,"The number and percent of records for a given CONCEPT_ID 4098046 (PULSE OXIMETRY) with implausible units (i.e., UNIT_CONCEPT_ID NOT IN  (8554)).",MEASUREMENT,MEASUREMENT_CONCEPT_ID,4098046,NA,concept_plausible_UNIT_CONCEPT_IDs.sql,Plausibility,Atemporal,Verification,,,concept_plausibleunitconceptids_measurement_measurement_concept_id_4098046,0,0,0,1,NULL,5,NULL
0,0.00000000000000000,0,,,plausibleUnitConceptIds,CONCEPT,"The number and percent of records for a given CONCEPT_ID 3005131 (GLUCOSE MEAN VALUE [MASS/VOLUME] IN BLOOD ESTIMATED FROM GLYCATED HEMOGLOBIN) with implausible units (i.e., UNIT_CONCEPT_ID NOT IN  (8840,9028)).",MEASUREMENT,MEASUREMENT_CONCEPT_ID,3005131,NA,concept_plausible_UNIT_CONCEPT_IDs.sql,Plausibility,Atemporal,Verification,,,concept_plausibleunitconceptids_measurement_measurement_concept_id_3005131,0,0,0,1,NULL,5,NULL
0,0.00000000000000000,0,,,plausibleUnitConceptIds,CONCEPT,"The number and percent of records for a given CONCEPT_ID 3011163 (CHOLESTEROL.TOTAL/CHOLESTEROL IN HDL [MASS RATIO] IN SERUM OR PLASMA) with implausible units (i.e., UNIT_CONCEPT_ID NOT IN  (8523,8529,8554,8596,8606,-1)).",MEASUREMENT,MEASUREMENT_CONCEPT_ID,3011163,NA,concept_plausible_UNIT_CONCEPT_IDs.sql,Plausibility,Atemporal,Verification,,,concept_plausibleunitconceptids_measurement_measurement_concept_id_3011163,0,0,0,1,NULL,5,NULL
0,0.00000000000000000,0,,,plausibleUnitConceptIds,CONCEPT,"The number and percent of records for a given CONCEPT_ID 3044491 (CHOLESTEROL NON HDL [MASS/VOLUME] IN SERUM OR PLASMA) with implausible units (i.e., UNIT_CONCEPT_ID NOT IN  (8576,8840,9028)).",MEASUREMENT,MEASUREMENT_CONCEPT_ID,3044491,NA,concept_plausible_UNIT_CONCEPT_IDs.sql,Plausibility,Atemporal,Verification,,,concept_plausibleunitconceptids_measurement_measurement_concept_id_3044491,0,0,0,1,NULL,5,NULL
0,0.00000000000000000,0,,,plausibleUnitConceptIds,CONCEPT,"The number and percent of records for a given CONCEPT_ID 4017361 (BLOOD UREA NITROGEN MEASUREMENT) with implausible units (i.e., UNIT_CONCEPT_ID NOT IN  (8753,8840)).",MEASUREMENT,MEASUREMENT_CONCEPT_ID,4017361,NA,concept_plausible_UNIT_CONCEPT_IDs.sql,Plausibility,Atemporal,Verification,,,concept_plausibleunitconceptids_measurement_measurement_concept_id_4017361,0,0,0,1,NULL,5,NULL
0,0.00000000000000000,0,,,plausibleUnitConceptIds,CONCEPT,"The number and percent of records for a given CONCEPT_ID 3006504 (EOSINOPHILS/100 LEUKOCYTES IN BLOOD) with implausible units (i.e., UNIT_CONCEPT_ID NOT IN  (8554)).",MEASUREMENT,MEASUREMENT_CONCEPT_ID,3006504,NA,concept_plausible_UNIT_CONCEPT_IDs.sql,Plausibility,Atemporal,Verification,,,concept_plausibleunitconceptids_measurement_measurement_concept_id_3006504,0,0,0,1,NULL,5,NULL
0,0.00000000000000000,11905,,,plausibleUnitConceptIds,CONCEPT,"The number and percent of records for a given CONCEPT_ID 3000483 (GLUCOSE [MASS/VOLUME] IN BLOOD) with implausible units (i.e., UNIT_CONCEPT_ID NOT IN  (8840)).",MEASUREMENT,MEASUREMENT_CONCEPT_ID,3000483,NA,concept_plausible_UNIT_CONCEPT_IDs.sql,Plausibility,Atemporal,Verification,,,concept_plausibleunitconceptids_measurement_measurement_concept_id_3000483,0,0,0,1,NULL,5,NULL
0,0.00000000000000000,0,,,plausibleUnitConceptIds,CONCEPT,"The number and percent of records for a given CONCEPT_ID 3033543 (SPECIFIC GRAVITY OF URINE) with implausible units (i.e., UNIT_CONCEPT_ID NOT IN  (8523,-1)).",MEASUREMENT,MEASUREMENT_CONCEPT_ID,3033543,NA,concept_plausible_UNIT_CONCEPT_IDs.sql,Plausibility,Atemporal,Verification,,,concept_plausibleunitconceptids_measurement_measurement_concept_id_3033543,0,0,0,1,NULL,5,NULL
0,0.00000000000000000,0,,,plausibleUnitConceptIds,CONCEPT,"The number and percent of records for a given CONCEPT_ID 4101713 (HIGH DENSITY LIPOPROTEIN CHOLESTEROL MEASUREMENT) with implausible units (i.e., UNIT_CONCEPT_ID NOT IN  (8636,8736,8753,8840)).",MEASUREMENT,MEASUREMENT_CONCEPT_ID,4101713,NA,concept_plausible_UNIT_CONCEPT_IDs.sql,Plausibility,Atemporal,Verification,,,concept_plausibleunitconceptids_measurement_measurement_concept_id_4101713,0,0,0,1,NULL,5,NULL
0,0.00000000000000000,0,,,plausibleUnitConceptIds,CONCEPT,"The number and percent of records for a given CONCEPT_ID 4103762 (ANION GAP MEASUREMENT) with implausible units (i.e., UNIT_CONCEPT_ID NOT IN  (8753,9557)).",MEASUREMENT,MEASUREMENT_CONCEPT_ID,4103762,NA,concept_plausible_UNIT_CONCEPT_IDs.sql,Plausibility,Atemporal,Verification,,,concept_plausibleunitconceptids_measurement_measurement_concept_id_4103762,0,0,0,1,NULL,5,NULL
0,0.00000000000000000,0,,,plausibleUnitConceptIds,CONCEPT,"The number and percent of records for a given CONCEPT_ID 3001008 (EPITHELIAL CELLS.SQUAMOUS [#/AREA] IN URINE SEDIMENT BY MICROSCOPY HIGH POWER FIELD) with implausible units (i.e., UNIT_CONCEPT_ID NOT IN  (8765,8786,8889)).",MEASUREMENT,MEASUREMENT_CONCEPT_ID,3001008,NA,concept_plausible_UNIT_CONCEPT_IDs.sql,Plausibility,Atemporal,Verification,,,concept_plausibleunitconceptids_measurement_measurement_concept_id_3001008,0,0,0,1,NULL,5,NULL
0,0.00000000000000000,0,,,plausibleUnitConceptIds,CONCEPT,"The number and percent of records for a given CONCEPT_ID 3013115 (EOSINOPHILS [#/VOLUME] IN BLOOD) with implausible units (i.e., UNIT_CONCEPT_ID NOT IN  (8848,8961,9444)).",MEASUREMENT,MEASUREMENT_CONCEPT_ID,3013115,NA,concept_plausible_UNIT_CONCEPT_IDs.sql,Plausibility,Atemporal,Verification,,,concept_plausibleunitconceptids_measurement_measurement_concept_id_3013115,0,0,0,1,NULL,5,NULL
0,0.00000000000000000,3874,,,plausibleUnitConceptIds,CONCEPT,"The number and percent of records for a given CONCEPT_ID 3020416 (ERYTHROCYTES [#/VOLUME] IN BLOOD BY AUTOMATED COUNT) with implausible units (i.e., UNIT_CONCEPT_ID NOT IN  (44777575,8734,8815)).",MEASUREMENT,MEASUREMENT_CONCEPT_ID,3020416,NA,concept_plausible_UNIT_CONCEPT_IDs.sql,Plausibility,Atemporal,Verification,,,concept_plausibleunitconceptids_measurement_measurement_concept_id_3020416,0,0,0,1,NULL,5,NULL
0,0.00000000000000000,0,,,plausibleUnitConceptIds,CONCEPT,"The number and percent of records for a given CONCEPT_ID 3035583 (LEUKOCYTES [#/AREA] IN URINE SEDIMENT BY MICROSCOPY HIGH POWER FIELD) with implausible units (i.e., UNIT_CONCEPT_ID NOT IN  (8786,8889)).",MEASUREMENT,MEASUREMENT_CONCEPT_ID,3035583,NA,concept_plausible_UNIT_CONCEPT_IDs.sql,Plausibility,Atemporal,Verification,,,concept_plausibleunitconceptids_measurement_measurement_concept_id_3035583,0,0,0,1,NULL,5,NULL
4812,0.99979222937876584,4813,,,plausibleUnitConceptIds,CONCEPT,"The number and percent of records for a given CONCEPT_ID 3035995 (ALKALINE PHOSPHATASE [ENZYMATIC ACTIVITY/VOLUME] IN SERUM OR PLASMA) with implausible units (i.e., UNIT_CONCEPT_ID NOT IN  (8645,8923)).",MEASUREMENT,MEASUREMENT_CONCEPT_ID,3035995,NA,concept_plausible_UNIT_CONCEPT_IDs.sql,Plausibility,Atemporal,Verification,,,concept_plausibleunitconceptids_measurement_measurement_concept_id_3035995,0,0,1,0,NULL,5,NULL
0,0.00000000000000000,0,,,plausibleUnitConceptIds,CONCEPT,"The number and percent of records for a given CONCEPT_ID 35610320 (DIASTOLIC ARTERIAL PRESSURE) with implausible units (i.e., UNIT_CONCEPT_ID NOT IN  (8876)).",MEASUREMENT,MEASUREMENT_CONCEPT_ID,35610320,NA,concept_plausible_UNIT_CONCEPT_IDs.sql,Plausibility,Atemporal,Verification,,,concept_plausibleunitconceptids_measurement_measurement_concept_id_35610320,0,0,0,1,NULL,5,NULL
0,0.00000000000000000,0,,,plausibleUnitConceptIds,CONCEPT,"The number and percent of records for a given CONCEPT_ID 3001490 (NUCLEATED ERYTHROCYTES [#/VOLUME] IN BLOOD) with implausible units (i.e., UNIT_CONCEPT_ID NOT IN  (8784,8848,8961,9444)).",MEASUREMENT,MEASUREMENT_CONCEPT_ID,3001490,NA,concept_plausible_UNIT_CONCEPT_IDs.sql,Plausibility,Atemporal,Verification,,,concept_plausibleunitconceptids_measurement_measurement_concept_id_3001490,0,0,0,1,NULL,5,NULL
0,0.00000000000000000,0,,,plausibleUnitConceptIds,CONCEPT,"The number and percent of records for a given CONCEPT_ID 4195214 (CHOLESTEROL/HDL RATIO MEASUREMENT) with implausible units (i.e., UNIT_CONCEPT_ID NOT IN  (8523,8554,8596,-1)).",MEASUREMENT,MEASUREMENT_CONCEPT_ID,4195214,NA,concept_plausible_UNIT_CONCEPT_IDs.sql,Plausibility,Atemporal,Verification,,,concept_plausibleunitconceptids_measurement_measurement_concept_id_4195214,0,0,0,1,NULL,5,NULL
0,0.00000000000000000,0,,,plausibleUnitConceptIds,CONCEPT,"The number and percent of records for a given CONCEPT_ID 36306178 (GLOMERULAR FILTRATION RATE/1.73 SQ M.PREDICTED AMONG BLACKS [VOLUME RATE/AREA] IN SERUM, PLASMA OR BLOOD BY CREATININE-BASED FORMULA (CKD-EPI)) with implausible units (i.e., UNIT_CONCEPT_ID NOT IN  (720870,8795)).",MEASUREMENT,MEASUREMENT_CONCEPT_ID,36306178,NA,concept_plausible_UNIT_CONCEPT_IDs.sql,Plausibility,Atemporal,Verification,,,concept_plausibleunitconceptids_measurement_measurement_concept_id_36306178,0,0,0,1,NULL,5,NULL
0,0.00000000000000000,0,,,plausibleUnitConceptIds,CONCEPT,"The number and percent of records for a given CONCEPT_ID 37393850 (MCHC - MEAN CORPUSCULAR HAEMOGLOBIN CONCENTRATION) with implausible units (i.e., UNIT_CONCEPT_ID NOT IN  (8636,8713)).",MEASUREMENT,MEASUREMENT_CONCEPT_ID,37393850,NA,concept_plausible_UNIT_CONCEPT_IDs.sql,Plausibility,Atemporal,Verification,,,concept_plausibleunitconceptids_measurement_measurement_concept_id_37393850,0,0,0,1,NULL,5,NULL
0,0.00000000000000000,8259,,,plausibleUnitConceptIds,CONCEPT,"The number and percent of records for a given CONCEPT_ID 3004501 (GLUCOSE [MASS/VOLUME] IN SERUM OR PLASMA) with implausible units (i.e., UNIT_CONCEPT_ID NOT IN  (8840)).",MEASUREMENT,MEASUREMENT_CONCEPT_ID,3004501,NA,concept_plausible_UNIT_CONCEPT_IDs.sql,Plausibility,Atemporal,Verification,,,concept_plausibleunitconceptids_measurement_measurement_concept_id_3004501,0,0,0,1,NULL,5,NULL
0,0.00000000000000000,3,,,plausibleUnitConceptIds,CONCEPT,"The number and percent of records for a given CONCEPT_ID 3008598 (THYROXINE (T4) FREE [MASS/VOLUME] IN SERUM OR PLASMA) with implausible units (i.e., UNIT_CONCEPT_ID NOT IN  (8817)).",MEASUREMENT,MEASUREMENT_CONCEPT_ID,3008598,NA,concept_plausible_UNIT_CONCEPT_IDs.sql,Plausibility,Atemporal,Verification,,,concept_plausibleunitconceptids_measurement_measurement_concept_id_3008598,0,0,0,1,NULL,5,NULL
0,0.00000000000000000,0,,,plausibleUnitConceptIds,CONCEPT,"The number and percent of records for a given CONCEPT_ID 3018010 (NEUTROPHILS/100 LEUKOCYTES IN BLOOD) with implausible units (i.e., UNIT_CONCEPT_ID NOT IN  (8554,-1)).",MEASUREMENT,MEASUREMENT_CONCEPT_ID,3018010,NA,concept_plausible_UNIT_CONCEPT_IDs.sql,Plausibility,Atemporal,Verification,,,concept_plausibleunitconceptids_measurement_measurement_concept_id_3018010,0,0,0,1,NULL,5,NULL
0,0.00000000000000000,5680,,,plausibleUnitConceptIds,CONCEPT,"The number and percent of records for a given CONCEPT_ID 3022192 (TRIGLYCERIDE [MASS/VOLUME] IN SERUM OR PLASMA) with implausible units (i.e., UNIT_CONCEPT_ID NOT IN  (8840)).",MEASUREMENT,MEASUREMENT_CONCEPT_ID,3022192,NA,concept_plausible_UNIT_CONCEPT_IDs.sql,Plausibility,Atemporal,Verification,,,concept_plausibleunitconceptids_measurement_measurement_concept_id_3022192,0,0,0,1,NULL,5,NULL
0,0.00000000000000000,0,,,plausibleUnitConceptIds,CONCEPT,"The number and percent of records for a given CONCEPT_ID 4151768 (PACK YEARS) with implausible units (i.e., UNIT_CONCEPT_ID NOT IN  (9448,-1)).",MEASUREMENT,MEASUREMENT_CONCEPT_ID,4151768,NA,concept_plausible_UNIT_CONCEPT_IDs.sql,Plausibility,Atemporal,Verification,,,concept_plausibleunitconceptids_measurement_measurement_concept_id_4151768,0,0,0,1,NULL,5,NULL
0,0.00000000000000000,0,,,plausibleUnitConceptIds,CONCEPT,"The number and percent of records for a given CONCEPT_ID 4197602 (SERUM TSH MEASUREMENT) with implausible units (i.e., UNIT_CONCEPT_ID NOT IN  (8719,9040,9093)).",MEASUREMENT,MEASUREMENT_CONCEPT_ID,4197602,NA,concept_plausible_UNIT_CONCEPT_IDs.sql,Plausibility,Atemporal,Verification,,,concept_plausibleunitconceptids_measurement_measurement_concept_id_4197602,0,0,0,1,NULL,5,NULL
9574,0.66095961339316534,14485,,,plausibleUnitConceptIds,CONCEPT,"The number and percent of records for a given CONCEPT_ID 46236952 (GLOMERULAR FILTRATION RATE/1.73 SQ M.PREDICTED [VOLUME RATE/AREA] IN SERUM, PLASMA OR BLOOD BY CREATININE-BASED FORMULA (MDRD)) with implausible units (i.e., UNIT_CONCEPT_ID NOT IN  (720870,8795)).",MEASUREMENT,MEASUREMENT_CONCEPT_ID,46236952,NA,concept_plausible_UNIT_CONCEPT_IDs.sql,Plausibility,Atemporal,Verification,,,concept_plausibleunitconceptids_measurement_measurement_concept_id_46236952,0,0,1,0,NULL,5,NULL
0,0.00000000000000000,8259,,,plausibleUnitConceptIds,CONCEPT,"The number and percent of records for a given CONCEPT_ID 3006906 (CALCIUM [MASS/VOLUME] IN SERUM OR PLASMA) with implausible units (i.e., UNIT_CONCEPT_ID NOT IN  (8840)).",MEASUREMENT,MEASUREMENT_CONCEPT_ID,3006906,NA,concept_plausible_UNIT_CONCEPT_IDs.sql,Plausibility,Atemporal,Verification,,,concept_plausibleunitconceptids_measurement_measurement_concept_id_3006906,0,0,0,1,NULL,5,NULL
0,0.00000000000000000,5680,,,plausibleUnitConceptIds,CONCEPT,"The number and percent of records for a given CONCEPT_ID 3007070 (CHOLESTEROL IN HDL [MASS/VOLUME] IN SERUM OR PLASMA) with implausible units (i.e., UNIT_CONCEPT_ID NOT IN  (8840)).",MEASUREMENT,MEASUREMENT_CONCEPT_ID,3007070,NA,concept_plausible_UNIT_CONCEPT_IDs.sql,Plausibility,Atemporal,Verification,,,concept_plausibleunitconceptids_measurement_measurement_concept_id_3007070,0,0,0,1,NULL,5,NULL
0,0.00000000000000000,187,,,plausibleUnitConceptIds,CONCEPT,"The number and percent of records for a given CONCEPT_ID 3020460 (C REACTIVE PROTEIN [MASS/VOLUME] IN SERUM OR PLASMA) with implausible units (i.e., UNIT_CONCEPT_ID NOT IN  (8751,8840)).",MEASUREMENT,MEASUREMENT_CONCEPT_ID,3020460,NA,concept_plausible_UNIT_CONCEPT_IDs.sql,Plausibility,Atemporal,Verification,,,concept_plausibleunitconceptids_measurement_measurement_concept_id_3020460,0,0,0,1,NULL,5,NULL
0,0.00000000000000000,3733,,,plausibleUnitConceptIds,CONCEPT,"The number and percent of records for a given CONCEPT_ID 3023314 (HEMATOCRIT [VOLUME FRACTION] OF BLOOD BY AUTOMATED COUNT) with implausible units (i.e., UNIT_CONCEPT_ID NOT IN  (44777604,8554)).",MEASUREMENT,MEASUREMENT_CONCEPT_ID,3023314,NA,concept_plausible_UNIT_CONCEPT_IDs.sql,Plausibility,Atemporal,Verification,,,concept_plausibleunitconceptids_measurement_measurement_concept_id_3023314,0,0,0,1,NULL,5,NULL
0,0.00000000000000000,0,,,plausibleUnitConceptIds,CONCEPT,"The number and percent of records for a given CONCEPT_ID 3035941 (MCH [ENTITIC MASS]) with implausible units (i.e., UNIT_CONCEPT_ID NOT IN  (8564,9655)).",MEASUREMENT,MEASUREMENT_CONCEPT_ID,3035941,NA,concept_plausible_UNIT_CONCEPT_IDs.sql,Plausibility,Atemporal,Verification,,,concept_plausibleunitconceptids_measurement_measurement_concept_id_3035941,0,0,0,1,NULL,5,NULL
0,0.00000000000000000,0,,,plausibleUnitConceptIds,CONCEPT,"The number and percent of records for a given CONCEPT_ID 3037072 (UROBILINOGEN [MASS/VOLUME] IN URINE BY TEST STRIP) with implausible units (i.e., UNIT_CONCEPT_ID NOT IN  (8840)).",MEASUREMENT,MEASUREMENT_CONCEPT_ID,3037072,NA,concept_plausible_UNIT_CONCEPT_IDs.sql,Plausibility,Atemporal,Verification,,,concept_plausibleunitconceptids_measurement_measurement_concept_id_3037072,0,0,0,1,NULL,5,NULL
0,0.00000000000000000,0,,,plausibleUnitConceptIds,CONCEPT,"The number and percent of records for a given CONCEPT_ID 4151358 (HEMATOCRIT DETERMINATION) with implausible units (i.e., UNIT_CONCEPT_ID NOT IN  (44777604,8554)).",MEASUREMENT,MEASUREMENT_CONCEPT_ID,4151358,NA,concept_plausible_UNIT_CONCEPT_IDs.sql,Plausibility,Atemporal,Verification,,,concept_plausibleunitconceptids_measurement_measurement_concept_id_4151358,0,0,0,1,NULL,5,NULL
0,0.00000000000000000,0,,,plausibleUnitConceptIds,CONCEPT,"The number and percent of records for a given CONCEPT_ID 4194332 (MONOCYTE COUNT) with implausible units (i.e., UNIT_CONCEPT_ID NOT IN  (8784,8848,8961,9444)).",MEASUREMENT,MEASUREMENT_CONCEPT_ID,4194332,NA,concept_plausible_UNIT_CONCEPT_IDs.sql,Plausibility,Atemporal,Verification,,,concept_plausibleunitconceptids_measurement_measurement_concept_id_4194332,0,0,0,1,NULL,5,NULL
0,0.00000000000000000,0,,,plausibleUnitConceptIds,CONCEPT,"The number and percent of records for a given CONCEPT_ID 3001123 (PLATELET MEAN VOLUME [ENTITIC VOLUME] IN BLOOD) with implausible units (i.e., UNIT_CONCEPT_ID NOT IN  (8583)).",MEASUREMENT,MEASUREMENT_CONCEPT_ID,3001123,NA,concept_plausible_UNIT_CONCEPT_IDs.sql,Plausibility,Atemporal,Verification,,,concept_plausibleunitconceptids_measurement_measurement_concept_id_3001123,0,0,0,1,NULL,5,NULL
0,0.00000000000000000,17841,,,plausibleUnitConceptIds,CONCEPT,"The number and percent of records for a given CONCEPT_ID 3012888 (DIASTOLIC BLOOD PRESSURE) with implausible units (i.e., UNIT_CONCEPT_ID NOT IN  (8876)).",MEASUREMENT,MEASUREMENT_CONCEPT_ID,3012888,NA,concept_plausible_UNIT_CONCEPT_IDs.sql,Plausibility,Atemporal,Verification,,,concept_plausibleunitconceptids_measurement_measurement_concept_id_3012888,0,0,0,1,NULL,5,NULL
0,0.00000000000000000,0,,,plausibleUnitConceptIds,CONCEPT,"The number and percent of records for a given CONCEPT_ID 3013707 (ERYTHROCYTE SEDIMENTATION RATE BY WESTERGREN METHOD) with implausible units (i.e., UNIT_CONCEPT_ID NOT IN  (8752)).",MEASUREMENT,MEASUREMENT_CONCEPT_ID,3013707,NA,concept_plausible_UNIT_CONCEPT_IDs.sql,Plausibility,Atemporal,Verification,,,concept_plausibleunitconceptids_measurement_measurement_concept_id_3013707,0,0,0,1,NULL,5,NULL
0,0.00000000000000000,0,,,plausibleUnitConceptIds,CONCEPT,"The number and percent of records for a given CONCEPT_ID 3040168 (IMMATURE GRANULOCYTES [#/VOLUME] IN BLOOD) with implausible units (i.e., UNIT_CONCEPT_ID NOT IN  (8848,8961,9444)).",MEASUREMENT,MEASUREMENT_CONCEPT_ID,3040168,NA,concept_plausible_UNIT_CONCEPT_IDs.sql,Plausibility,Atemporal,Verification,,,concept_plausibleunitconceptids_measurement_measurement_concept_id_3040168,0,0,0,1,NULL,5,NULL
0,0.00000000000000000,0,,,plausibleUnitConceptIds,CONCEPT,"The number and percent of records for a given CONCEPT_ID 4097430 (SODIUM MEASUREMENT) with implausible units (i.e., UNIT_CONCEPT_ID NOT IN  (8753,9557)).",MEASUREMENT,MEASUREMENT_CONCEPT_ID,4097430,NA,concept_plausible_UNIT_CONCEPT_IDs.sql,Plausibility,Atemporal,Verification,,,concept_plausibleunitconceptids_measurement_measurement_concept_id_4097430,0,0,0,1,NULL,5,NULL
0,0.00000000000000000,0,,,plausibleUnitConceptIds,CONCEPT,"The number and percent of records for a given CONCEPT_ID 3005424 (BODY SURFACE AREA) with implausible units (i.e., UNIT_CONCEPT_ID NOT IN  (8617)).",MEASUREMENT,MEASUREMENT_CONCEPT_ID,3005424,NA,concept_plausible_UNIT_CONCEPT_IDs.sql,Plausibility,Atemporal,Verification,,,concept_plausibleunitconceptids_measurement_measurement_concept_id_3005424,0,0,0,1,NULL,5,NULL
0,0.00000000000000000,48,,,plausibleUnitConceptIds,CONCEPT,"The number and percent of records for a given CONCEPT_ID 3013603 (PROSTATE SPECIFIC AG [MASS/VOLUME] IN SERUM OR PLASMA) with implausible units (i.e., UNIT_CONCEPT_ID NOT IN  (8748,8842)).",MEASUREMENT,MEASUREMENT_CONCEPT_ID,3013603,NA,concept_plausible_UNIT_CONCEPT_IDs.sql,Plausibility,Atemporal,Verification,,,concept_plausibleunitconceptids_measurement_measurement_concept_id_3013603,0,0,0,1,NULL,5,NULL
0,0.00000000000000000,0,,,plausibleUnitConceptIds,CONCEPT,"The number and percent of records for a given CONCEPT_ID 3020509 (ALBUMIN/GLOBULIN [MASS RATIO] IN SERUM OR PLASMA) with implausible units (i.e., UNIT_CONCEPT_ID NOT IN  (8523,8554,8596,-1)).",MEASUREMENT,MEASUREMENT_CONCEPT_ID,3020509,NA,concept_plausible_UNIT_CONCEPT_IDs.sql,Plausibility,Atemporal,Verification,,,concept_plausibleunitconceptids_measurement_measurement_concept_id_3020509,0,0,0,1,NULL,5,NULL
0,0.00000000000000000,16812,,,plausibleUnitConceptIds,CONCEPT,"The number and percent of records for a given CONCEPT_ID 3036277 (BODY HEIGHT) with implausible units (i.e., UNIT_CONCEPT_ID NOT IN  (8582,9327,9330,9546)).",MEASUREMENT,MEASUREMENT_CONCEPT_ID,3036277,NA,concept_plausible_UNIT_CONCEPT_IDs.sql,Plausibility,Atemporal,Verification,,,concept_plausibleunitconceptids_measurement_measurement_concept_id_3036277,0,0,0,1,NULL,5,NULL
0,0.00000000000000000,0,,,plausibleUnitConceptIds,CONCEPT,"The number and percent of records for a given CONCEPT_ID 4301868 (PULSE RATE) with implausible units (i.e., UNIT_CONCEPT_ID NOT IN  (8483,8541,8581)).",MEASUREMENT,MEASUREMENT_CONCEPT_ID,4301868,NA,concept_plausible_UNIT_CONCEPT_IDs.sql,Plausibility,Atemporal,Verification,,,concept_plausibleunitconceptids_measurement_measurement_concept_id_4301868,0,0,0,1,NULL,5,NULL
0,0.00000000000000000,0,,,plausibleUnitConceptIds,CONCEPT,"The number and percent of records for a given CONCEPT_ID 40762636 (BODY MASS INDEX (BMI) [PERCENTILE]) with implausible units (i.e., UNIT_CONCEPT_ID NOT IN  (8554)).",MEASUREMENT,MEASUREMENT_CONCEPT_ID,40762636,NA,concept_plausible_UNIT_CONCEPT_IDs.sql,Plausibility,Atemporal,Verification,,,concept_plausibleunitconceptids_measurement_measurement_concept_id_40762636,0,0,0,1,NULL,5,NULL
0,0.00000000000000000,0,,,plausibleUnitConceptIds,CONCEPT,"The number and percent of records for a given CONCEPT_ID 40765040 (25-HYDROXYVITAMIN D3+25-HYDROXYVITAMIN D2 [MASS/VOLUME] IN SERUM OR PLASMA) with implausible units (i.e., UNIT_CONCEPT_ID NOT IN  (8842,8845)).",MEASUREMENT,MEASUREMENT_CONCEPT_ID,40765040,NA,concept_plausible_UNIT_CONCEPT_IDs.sql,Plausibility,Atemporal,Verification,,,concept_plausibleunitconceptids_measurement_measurement_concept_id_40765040,0,0,0,1,NULL,5,NULL
0,0.00000000000000000,0,,,plausibleUnitConceptIds,CONCEPT,"The number and percent of records for a given CONCEPT_ID 3024386 (PLATELET MEAN VOLUME [ENTITIC VOLUME] IN BLOOD BY REES-ECKER) with implausible units (i.e., UNIT_CONCEPT_ID NOT IN  (8583)).",MEASUREMENT,MEASUREMENT_CONCEPT_ID,3024386,NA,concept_plausible_UNIT_CONCEPT_IDs.sql,Plausibility,Atemporal,Verification,,,concept_plausibleunitconceptids_measurement_measurement_concept_id_3024386,0,0,0,1,NULL,5,NULL
48,1.00000000000000000,48,,,plausibleUnitConceptIds,CONCEPT,"The number and percent of records for a given CONCEPT_ID 3009201 (THYROTROPIN [UNITS/VOLUME] IN SERUM OR PLASMA) with implausible units (i.e., UNIT_CONCEPT_ID NOT IN  (44777578,8719,9040,9093)).",MEASUREMENT,MEASUREMENT_CONCEPT_ID,3009201,NA,concept_plausible_UNIT_CONCEPT_IDs.sql,Plausibility,Atemporal,Verification,,,concept_plausibleunitconceptids_measurement_measurement_concept_id_3009201,0,0,1,0,NULL,5,NULL
0,0.00000000000000000,0,,,plausibleUnitConceptIds,CONCEPT,"The number and percent of records for a given CONCEPT_ID 3050479 (IMMATURE GRANULOCYTES/100 LEUKOCYTES IN BLOOD) with implausible units (i.e., UNIT_CONCEPT_ID NOT IN  (8554,-1)).",MEASUREMENT,MEASUREMENT_CONCEPT_ID,3050479,NA,concept_plausible_UNIT_CONCEPT_IDs.sql,Plausibility,Atemporal,Verification,,,concept_plausibleunitconceptids_measurement_measurement_concept_id_3050479,0,0,0,1,NULL,5,NULL
0,0.00000000000000000,0,,,plausibleUnitConceptIds,CONCEPT,"The number and percent of records for a given CONCEPT_ID 4012479 (LOW DENSITY LIPOPROTEIN CHOLESTEROL MEASUREMENT) with implausible units (i.e., UNIT_CONCEPT_ID NOT IN  (8636,8753,8840)).",MEASUREMENT,MEASUREMENT_CONCEPT_ID,4012479,NA,concept_plausible_UNIT_CONCEPT_IDs.sql,Plausibility,Atemporal,Verification,,,concept_plausibleunitconceptids_measurement_measurement_concept_id_4012479,0,0,0,1,NULL,5,NULL
0,0.00000000000000000,0,,,plausibleUnitConceptIds,CONCEPT,"The number and percent of records for a given CONCEPT_ID 4152194 (SYSTOLIC BLOOD PRESSURE) with implausible units (i.e., UNIT_CONCEPT_ID NOT IN  (8876)).",MEASUREMENT,MEASUREMENT_CONCEPT_ID,4152194,NA,concept_plausible_UNIT_CONCEPT_IDs.sql,Plausibility,Atemporal,Verification,,,concept_plausibleunitconceptids_measurement_measurement_concept_id_4152194,0,0,0,1,NULL,5,NULL
0,0.00000000000000000,0,,,plausibleUnitConceptIds,CONCEPT,"The number and percent of records for a given CONCEPT_ID 37393840 (HAEMATOCRIT) with implausible units (i.e., UNIT_CONCEPT_ID NOT IN  (44777604,8523,8554,-1)).",MEASUREMENT,MEASUREMENT_CONCEPT_ID,37393840,NA,concept_plausible_UNIT_CONCEPT_IDs.sql,Plausibility,Atemporal,Verification,,,concept_plausibleunitconceptids_measurement_measurement_concept_id_37393840,0,0,0,1,NULL,5,NULL
0,0.00000000000000000,0,,,plausibleUnitConceptIds,CONCEPT,"The number and percent of records for a given CONCEPT_ID 3000593 (COBALAMIN (VITAMIN B12) [MASS/VOLUME] IN SERUM OR PLASMA) with implausible units (i.e., UNIT_CONCEPT_ID NOT IN  (8845)).",MEASUREMENT,MEASUREMENT_CONCEPT_ID,3000593,NA,concept_plausible_UNIT_CONCEPT_IDs.sql,Plausibility,Atemporal,Verification,,,concept_plausibleunitconceptids_measurement_measurement_concept_id_3000593,0,0,0,1,NULL,5,NULL
0,0.00000000000000000,0,,,plausibleUnitConceptIds,CONCEPT,"The number and percent of records for a given CONCEPT_ID 3002888 (ERYTHROCYTE DISTRIBUTION WIDTH [ENTITIC VOLUME]) with implausible units (i.e., UNIT_CONCEPT_ID NOT IN  (8583)).",MEASUREMENT,MEASUREMENT_CONCEPT_ID,3002888,NA,concept_plausible_UNIT_CONCEPT_IDs.sql,Plausibility,Atemporal,Verification,,,concept_plausibleunitconceptids_measurement_measurement_concept_id_3002888,0,0,0,1,NULL,5,NULL
0,0.00000000000000000,0,,,plausibleUnitConceptIds,CONCEPT,"The number and percent of records for a given CONCEPT_ID 3010910 (ERYTHROCYTES [#/VOLUME] IN BODY FLUID) with implausible units (i.e., UNIT_CONCEPT_ID NOT IN  (8647,8785,8815,8931)).",MEASUREMENT,MEASUREMENT_CONCEPT_ID,3010910,NA,concept_plausible_UNIT_CONCEPT_IDs.sql,Plausibility,Atemporal,Verification,,,concept_plausibleunitconceptids_measurement_measurement_concept_id_3010910,0,0,0,1,NULL,5,NULL
0,0.00000000000000000,0,,,plausibleUnitConceptIds,CONCEPT,"The number and percent of records for a given CONCEPT_ID 3013290 (CARBON DIOXIDE [PARTIAL PRESSURE] IN BLOOD) with implausible units (i.e., UNIT_CONCEPT_ID NOT IN  (8876)).",MEASUREMENT,MEASUREMENT_CONCEPT_ID,3013290,NA,concept_plausible_UNIT_CONCEPT_IDs.sql,Plausibility,Atemporal,Verification,,,concept_plausibleunitconceptids_measurement_measurement_concept_id_3013290,0,0,0,1,NULL,5,NULL
0,0.00000000000000000,3874,,,plausibleUnitConceptIds,CONCEPT,"The number and percent of records for a given CONCEPT_ID 3027970 (GLOBULIN [MASS/VOLUME] IN SERUM BY CALCULATION) with implausible units (i.e., UNIT_CONCEPT_ID NOT IN  (8636,8713,8950)).",MEASUREMENT,MEASUREMENT_CONCEPT_ID,3027970,NA,concept_plausible_UNIT_CONCEPT_IDs.sql,Plausibility,Atemporal,Verification,,,concept_plausibleunitconceptids_measurement_measurement_concept_id_3027970,0,0,0,1,NULL,5,NULL
0,0.00000000000000000,0,,,plausibleUnitConceptIds,CONCEPT,"The number and percent of records for a given CONCEPT_ID 4239408 (HEART RATE) with implausible units (i.e., UNIT_CONCEPT_ID NOT IN  (8483,8541,8581)).",MEASUREMENT,MEASUREMENT_CONCEPT_ID,4239408,NA,concept_plausible_UNIT_CONCEPT_IDs.sql,Plausibility,Atemporal,Verification,,,concept_plausibleunitconceptids_measurement_measurement_concept_id_4239408,0,0,0,1,NULL,5,NULL
0,0.00000000000000000,1,,,plausibleUnitConceptIds,CONCEPT,"The number and percent of records for a given CONCEPT_ID 3010813 (LEUKOCYTES [#/VOLUME] IN BLOOD) with implausible units (i.e., UNIT_CONCEPT_ID NOT IN  (44777588,8848,8961,9444)).",MEASUREMENT,MEASUREMENT_CONCEPT_ID,3010813,NA,concept_plausible_UNIT_CONCEPT_IDs.sql,Plausibility,Atemporal,Verification,,,concept_plausibleunitconceptids_measurement_measurement_concept_id_3010813,0,0,0,1,NULL,5,NULL
0,0.00000000000000000,8259,,,plausibleUnitConceptIds,CONCEPT,"The number and percent of records for a given CONCEPT_ID 3023103 (POTASSIUM [MOLES/VOLUME] IN SERUM OR PLASMA) with implausible units (i.e., UNIT_CONCEPT_ID NOT IN  (8753,9557)).",MEASUREMENT,MEASUREMENT_CONCEPT_ID,3023103,NA,concept_plausible_UNIT_CONCEPT_IDs.sql,Plausibility,Atemporal,Verification,,,concept_plausibleunitconceptids_measurement_measurement_concept_id_3023103,0,0,0,1,NULL,5,NULL
0,0.00000000000000000,0,,,plausibleUnitConceptIds,CONCEPT,"The number and percent of records for a given CONCEPT_ID 4030871 (RED BLOOD CELL COUNT) with implausible units (i.e., UNIT_CONCEPT_ID NOT IN  (8734,8815,8931,9444)).",MEASUREMENT,MEASUREMENT_CONCEPT_ID,4030871,NA,concept_plausible_UNIT_CONCEPT_IDs.sql,Plausibility,Atemporal,Verification,,,concept_plausibleunitconceptids_measurement_measurement_concept_id_4030871,0,0,0,1,NULL,5,NULL
0,0.00000000000000000,0,,,plausibleUnitConceptIds,CONCEPT,"The number and percent of records for a given CONCEPT_ID 4154790 (DIASTOLIC BLOOD PRESSURE) with implausible units (i.e., UNIT_CONCEPT_ID NOT IN  (8876)).",MEASUREMENT,MEASUREMENT_CONCEPT_ID,4154790,NA,concept_plausible_UNIT_CONCEPT_IDs.sql,Plausibility,Atemporal,Verification,,,concept_plausibleunitconceptids_measurement_measurement_concept_id_4154790,0,0,0,1,NULL,5,NULL
0,0.00000000000000000,0,,,plausibleUnitConceptIds,CONCEPT,"The number and percent of records for a given CONCEPT_ID 4217013 (SYSTOLIC ARTERIAL PRESSURE) with implausible units (i.e., UNIT_CONCEPT_ID NOT IN  (8876)).",MEASUREMENT,MEASUREMENT_CONCEPT_ID,4217013,NA,concept_plausible_UNIT_CONCEPT_IDs.sql,Plausibility,Atemporal,Verification,,,concept_plausibleunitconceptids_measurement_measurement_concept_id_4217013,0,0,0,1,NULL,5,NULL
0,0.00000000000000000,0,,,plausibleUnitConceptIds,CONCEPT,"The number and percent of records for a given CONCEPT_ID 3001318 (CHOLESTEROL.TOTAL/CHOLESTEROL IN HDL [PERCENTILE]) with implausible units (i.e., UNIT_CONCEPT_ID NOT IN  (8554,8596,-1)).",MEASUREMENT,MEASUREMENT_CONCEPT_ID,3001318,NA,concept_plausible_UNIT_CONCEPT_IDs.sql,Plausibility,Atemporal,Verification,,,concept_plausibleunitconceptids_measurement_measurement_concept_id_3001318,0,0,0,1,NULL,5,NULL
0,0.00000000000000000,0,,,plausibleUnitConceptIds,CONCEPT,"The number and percent of records for a given CONCEPT_ID 3009596 (CHOLESTEROL IN VLDL [MASS/VOLUME] IN SERUM OR PLASMA BY CALCULATION) with implausible units (i.e., UNIT_CONCEPT_ID NOT IN  (8576,8840)).",MEASUREMENT,MEASUREMENT_CONCEPT_ID,3009596,NA,concept_plausible_UNIT_CONCEPT_IDs.sql,Plausibility,Atemporal,Verification,,,concept_plausibleunitconceptids_measurement_measurement_concept_id_3009596,0,0,0,1,NULL,5,NULL
0,0.00000000000000000,17490,,,plausibleUnitConceptIds,CONCEPT,"The number and percent of records for a given CONCEPT_ID 3025315 (BODY WEIGHT) with implausible units (i.e., UNIT_CONCEPT_ID NOT IN  (8739,9346,9373,9529)).",MEASUREMENT,MEASUREMENT_CONCEPT_ID,3025315,NA,concept_plausible_UNIT_CONCEPT_IDs.sql,Plausibility,Atemporal,Verification,,,concept_plausibleunitconceptids_measurement_measurement_concept_id_3025315,0,0,0,1,NULL,5,NULL
0,0.00000000000000000,0,,,plausibleUnitConceptIds,CONCEPT,"The number and percent of records for a given CONCEPT_ID 3053283 (GLOMERULAR FILTRATION RATE/1.73 SQ M.PREDICTED AMONG BLACKS [VOLUME RATE/AREA] IN SERUM, PLASMA OR BLOOD BY CREATININE-BASED FORMULA (MDRD)) with implausible units (i.e., UNIT_CONCEPT_ID NOT IN  (720870,8795)).",MEASUREMENT,MEASUREMENT_CONCEPT_ID,3053283,NA,concept_plausible_UNIT_CONCEPT_IDs.sql,Plausibility,Atemporal,Verification,,,concept_plausibleunitconceptids_measurement_measurement_concept_id_3053283,0,0,0,1,NULL,5,NULL
0,0.00000000000000000,0,,,plausibleUnitConceptIds,CONCEPT,"The number and percent of records for a given CONCEPT_ID 4008265 (TOTAL CHOLESTEROL MEASUREMENT) with implausible units (i.e., UNIT_CONCEPT_ID NOT IN  (8736,8753,8840)).",MEASUREMENT,MEASUREMENT_CONCEPT_ID,4008265,NA,concept_plausible_UNIT_CONCEPT_IDs.sql,Plausibility,Atemporal,Verification,,,concept_plausibleunitconceptids_measurement_measurement_concept_id_4008265,0,0,0,1,NULL,5,NULL
0,0.00000000000000000,0,,,plausibleUnitConceptIds,CONCEPT,"The number and percent of records for a given CONCEPT_ID 36303797 (GLOMERULAR FILTRATION RATE/1.73 SQ M.PREDICTED AMONG NON-BLACKS [VOLUME RATE/AREA] IN SERUM, PLASMA OR BLOOD BY CREATININE-BASED FORMULA (CKD-EPI)) with implausible units (i.e., UNIT_CONCEPT_ID NOT IN  (720870,8795)).",MEASUREMENT,MEASUREMENT_CONCEPT_ID,36303797,NA,concept_plausible_UNIT_CONCEPT_IDs.sql,Plausibility,Atemporal,Verification,,,concept_plausibleunitconceptids_measurement_measurement_concept_id_36303797,0,0,0,1,NULL,5,NULL
0,0.00000000000000000,0,,,plausibleUnitConceptIds,CONCEPT,"The number and percent of records for a given CONCEPT_ID 37398460 (SERUM ALKALINE PHOSPHATASE LEVEL) with implausible units (i.e., UNIT_CONCEPT_ID NOT IN  (32995,8645,8923)).",MEASUREMENT,MEASUREMENT_CONCEPT_ID,37398460,NA,concept_plausible_UNIT_CONCEPT_IDs.sql,Plausibility,Atemporal,Verification,,,concept_plausibleunitconceptids_measurement_measurement_concept_id_37398460,0,0,0,1,NULL,5,NULL
0,0.00000000000000000,1,,,plausibleUnitConceptIds,CONCEPT,"The number and percent of records for a given CONCEPT_ID 3026361 (ERYTHROCYTES [#/VOLUME] IN BLOOD) with implausible units (i.e., UNIT_CONCEPT_ID NOT IN  (32706,8785,8815,8931)).",MEASUREMENT,MEASUREMENT_CONCEPT_ID,3026361,NA,concept_plausible_UNIT_CONCEPT_IDs.sql,Plausibility,Atemporal,Verification,,,concept_plausibleunitconceptids_measurement_measurement_concept_id_3026361,0,0,0,1,NULL,5,NULL
0,0.00000000000000000,17195,,,plausibleUnitConceptIds,CONCEPT,"The number and percent of records for a given CONCEPT_ID 3027018 (HEART RATE) with implausible units (i.e., UNIT_CONCEPT_ID NOT IN  (8483,8541,-1)).",MEASUREMENT,MEASUREMENT_CONCEPT_ID,3027018,NA,concept_plausible_UNIT_CONCEPT_IDs.sql,Plausibility,Atemporal,Verification,,,concept_plausibleunitconceptids_measurement_measurement_concept_id_3027018,0,0,0,1,NULL,5,NULL
0,0.00000000000000000,0,,,plausibleUnitConceptIds,CONCEPT,"The number and percent of records for a given CONCEPT_ID 4013965 (OXYGEN SATURATION MEASUREMENT, ARTERIAL) with implausible units (i.e., UNIT_CONCEPT_ID NOT IN  (8554)).",MEASUREMENT,MEASUREMENT_CONCEPT_ID,4013965,NA,concept_plausible_UNIT_CONCEPT_IDs.sql,Plausibility,Atemporal,Verification,,,concept_plausibleunitconceptids_measurement_measurement_concept_id_4013965,0,0,0,1,NULL,5,NULL
0,0.00000000000000000,0,,,plausibleUnitConceptIds,CONCEPT,"The number and percent of records for a given CONCEPT_ID 3036588 (NEUTROPHIL CYTOPLASMIC AB.PERINUCLEAR [PRESENCE] IN SERUM) with implausible units (i.e., UNIT_CONCEPT_ID NOT IN  (8525,-1)).",MEASUREMENT,MEASUREMENT_CONCEPT_ID,3036588,NA,concept_plausible_UNIT_CONCEPT_IDs.sql,Plausibility,Atemporal,Verification,,,concept_plausibleunitconceptids_measurement_measurement_concept_id_3036588,0,0,0,1,NULL,5,NULL
0,0.00000000000000000,0,,,plausibleUnitConceptIds,CONCEPT,"The number and percent of records for a given CONCEPT_ID 4298431 (WHITE BLOOD CELL COUNT) with implausible units (i.e., UNIT_CONCEPT_ID NOT IN  (8848,8961)).",MEASUREMENT,MEASUREMENT_CONCEPT_ID,4298431,NA,concept_plausible_UNIT_CONCEPT_IDs.sql,Plausibility,Atemporal,Verification,,,concept_plausibleunitconceptids_measurement_measurement_concept_id_4298431,0,0,0,1,NULL,5,NULL
0,0.00000000000000000,0,,,plausibleUnitConceptIds,CONCEPT,"The number and percent of records for a given CONCEPT_ID 3017732 (NEUTROPHILS [#/VOLUME] IN BLOOD) with implausible units (i.e., UNIT_CONCEPT_ID NOT IN  (8848,8961,9444)).",MEASUREMENT,MEASUREMENT_CONCEPT_ID,3017732,NA,concept_plausible_UNIT_CONCEPT_IDs.sql,Plausibility,Atemporal,Verification,,,concept_plausibleunitconceptids_measurement_measurement_concept_id_3017732,0,0,0,1,NULL,5,NULL
0,0.00000000000000000,4813,,,plausibleUnitConceptIds,CONCEPT,"The number and percent of records for a given CONCEPT_ID 3024561 (ALBUMIN [MASS/VOLUME] IN SERUM OR PLASMA) with implausible units (i.e., UNIT_CONCEPT_ID NOT IN  (8636,8713)).",MEASUREMENT,MEASUREMENT_CONCEPT_ID,3024561,NA,concept_plausible_UNIT_CONCEPT_IDs.sql,Plausibility,Atemporal,Verification,,,concept_plausibleunitconceptids_measurement_measurement_concept_id_3024561,0,0,0,1,NULL,5,NULL
0,0.00000000000000000,0,,,plausibleUnitConceptIds,CONCEPT,"The number and percent of records for a given CONCEPT_ID 3034639 (HEMOGLOBIN A1C [MASS/VOLUME] IN BLOOD) with implausible units (i.e., UNIT_CONCEPT_ID NOT IN  (8713,8840)).",MEASUREMENT,MEASUREMENT_CONCEPT_ID,3034639,NA,concept_plausible_UNIT_CONCEPT_IDs.sql,Plausibility,Atemporal,Verification,,,concept_plausibleunitconceptids_measurement_measurement_concept_id_3034639,0,0,0,1,NULL,5,NULL
0,0.00000000000000000,365,,,plausibleUnitConceptIds,CONCEPT,"The number and percent of records for a given CONCEPT_ID 3013650 (NEUTROPHILS [#/VOLUME] IN BLOOD BY AUTOMATED COUNT) with implausible units (i.e., UNIT_CONCEPT_ID NOT IN  (8784,8848,8961,9444)).",MEASUREMENT,MEASUREMENT_CONCEPT_ID,3013650,NA,concept_plausible_UNIT_CONCEPT_IDs.sql,Plausibility,Atemporal,Verification,,,concept_plausibleunitconceptids_measurement_measurement_concept_id_3013650,0,0,0,1,NULL,5,NULL
0,0.00000000000000000,0,,,plausibleUnitConceptIds,CONCEPT,"The number and percent of records for a given CONCEPT_ID 3021886 (GLOBULIN [MASS/VOLUME] IN SERUM) with implausible units (i.e., UNIT_CONCEPT_ID NOT IN  (8636,8713,8950)).",MEASUREMENT,MEASUREMENT_CONCEPT_ID,3021886,NA,concept_plausible_UNIT_CONCEPT_IDs.sql,Plausibility,Atemporal,Verification,,,concept_plausibleunitconceptids_measurement_measurement_concept_id_3021886,0,0,0,1,NULL,5,NULL
0,0.00000000000000000,0,,,plausibleUnitConceptIds,CONCEPT,"The number and percent of records for a given CONCEPT_ID 4254663 (LYMPHOCYTE COUNT) with implausible units (i.e., UNIT_CONCEPT_ID NOT IN  (8848)).",MEASUREMENT,MEASUREMENT_CONCEPT_ID,4254663,NA,concept_plausible_UNIT_CONCEPT_IDs.sql,Plausibility,Atemporal,Verification,,,concept_plausibleunitconceptids_measurement_measurement_concept_id_4254663,0,0,0,1,NULL,5,NULL
0,0.00000000000000000,599,,,plausibleUnitConceptIds,CONCEPT,"The number and percent of records for a given CONCEPT_ID 3001420 (MAGNESIUM [MASS/VOLUME] IN SERUM OR PLASMA) with implausible units (i.e., UNIT_CONCEPT_ID NOT IN  (8840)).",MEASUREMENT,MEASUREMENT_CONCEPT_ID,3001420,NA,concept_plausible_UNIT_CONCEPT_IDs.sql,Plausibility,Atemporal,Verification,,,concept_plausibleunitconceptids_measurement_measurement_concept_id_3001420,0,0,0,1,NULL,5,NULL
0,0.00000000000000000,1,,,plausibleUnitConceptIds,CONCEPT,"The number and percent of records for a given CONCEPT_ID 3007461 (PLATELETS [#/VOLUME] IN BLOOD) with implausible units (i.e., UNIT_CONCEPT_ID NOT IN  (8848,8961,9444)).",MEASUREMENT,MEASUREMENT_CONCEPT_ID,3007461,NA,concept_plausible_UNIT_CONCEPT_IDs.sql,Plausibility,Atemporal,Verification,,,concept_plausibleunitconceptids_measurement_measurement_concept_id_3007461,0,0,0,1,NULL,5,NULL
0,0.00000000000000000,3874,,,plausibleUnitConceptIds,CONCEPT,"The number and percent of records for a given CONCEPT_ID 3012030 (MCH [ENTITIC MASS] BY AUTOMATED COUNT) with implausible units (i.e., UNIT_CONCEPT_ID NOT IN  (8564)).",MEASUREMENT,MEASUREMENT_CONCEPT_ID,3012030,NA,concept_plausible_UNIT_CONCEPT_IDs.sql,Plausibility,Atemporal,Verification,,,concept_plausibleunitconceptids_measurement_measurement_concept_id_3012030,0,0,0,1,NULL,5,NULL
0,0.00000000000000000,0,,,plausibleUnitConceptIds,CONCEPT,"The number and percent of records for a given CONCEPT_ID 40764999 (GLOMERULAR FILTRATION RATE/1.73 SQ M.PREDICTED [VOLUME RATE/AREA] IN SERUM, PLASMA OR BLOOD BY CREATININE-BASED FORMULA (CKD-EPI)) with implausible units (i.e., UNIT_CONCEPT_ID NOT IN  (720870,8795)).",MEASUREMENT,MEASUREMENT_CONCEPT_ID,40764999,NA,concept_plausible_UNIT_CONCEPT_IDs.sql,Plausibility,Atemporal,Verification,,,concept_plausibleunitconceptids_measurement_measurement_concept_id_40764999,0,0,0,1,NULL,5,NULL
0,0.00000000000000000,0,,,plausibleUnitConceptIds,CONCEPT,"The number and percent of records for a given CONCEPT_ID 3008893 (TESTOSTERONE [MASS/VOLUME] IN SERUM OR PLASMA) with implausible units (i.e., UNIT_CONCEPT_ID NOT IN  (8817)).",MEASUREMENT,MEASUREMENT_CONCEPT_ID,3008893,NA,concept_plausible_UNIT_CONCEPT_IDs.sql,Plausibility,Atemporal,Verification,,,concept_plausibleunitconceptids_measurement_measurement_concept_id_3008893,0,0,0,1,NULL,5,NULL
0,0.00000000000000000,0,,,plausibleUnitConceptIds,CONCEPT,"The number and percent of records for a given CONCEPT_ID 3026910 (GAMMA GLUTAMYL TRANSFERASE [ENZYMATIC ACTIVITY/VOLUME] IN SERUM OR PLASMA) with implausible units (i.e., UNIT_CONCEPT_ID NOT IN  (8645,8923)).",MEASUREMENT,MEASUREMENT_CONCEPT_ID,3026910,NA,concept_plausible_UNIT_CONCEPT_IDs.sql,Plausibility,Atemporal,Verification,,,concept_plausibleunitconceptids_measurement_measurement_concept_id_3026910,0,0,0,1,NULL,5,NULL
0,0.00000000000000000,364,,,plausibleUnitConceptIds,CONCEPT,"The number and percent of records for a given CONCEPT_ID 3033575 (MONOCYTES [#/VOLUME] IN BLOOD BY AUTOMATED COUNT) with implausible units (i.e., UNIT_CONCEPT_ID NOT IN  (8784,8816,8848,8961,9436,9444)).",MEASUREMENT,MEASUREMENT_CONCEPT_ID,3033575,NA,concept_plausible_UNIT_CONCEPT_IDs.sql,Plausibility,Atemporal,Verification,,,concept_plausibleunitconceptids_measurement_measurement_concept_id_3033575,0,0,0,1,NULL,5,NULL
0,0.00000000000000000,0,,,plausibleUnitConceptIds,CONCEPT,"The number and percent of records for a given CONCEPT_ID 3041084 (IMMATURE GRANULOCYTES [#/VOLUME] IN BLOOD BY AUTOMATED COUNT) with implausible units (i.e., UNIT_CONCEPT_ID NOT IN  (8848,8961,9444)).",MEASUREMENT,MEASUREMENT_CONCEPT_ID,3041084,NA,concept_plausible_UNIT_CONCEPT_IDs.sql,Plausibility,Atemporal,Verification,,,concept_plausibleunitconceptids_measurement_measurement_concept_id_3041084,0,0,0,1,NULL,5,NULL
0,0.00000000000000000,0,,,plausibleUnitConceptIds,CONCEPT,"The number and percent of records for a given CONCEPT_ID 4184637 (HEMOGLOBIN A1C MEASUREMENT) with implausible units (i.e., UNIT_CONCEPT_ID NOT IN  (8554,8632,8737)).",MEASUREMENT,MEASUREMENT_CONCEPT_ID,4184637,NA,concept_plausible_UNIT_CONCEPT_IDs.sql,Plausibility,Atemporal,Verification,,,concept_plausibleunitconceptids_measurement_measurement_concept_id_4184637,0,0,0,1,NULL,5,NULL
0,0.00000000000000000,0,,,plausibleUnitConceptIds,CONCEPT,"The number and percent of records for a given CONCEPT_ID 4313591 (RESPIRATORY RATE) with implausible units (i.e., UNIT_CONCEPT_ID NOT IN  (8483,8541)).",MEASUREMENT,MEASUREMENT_CONCEPT_ID,4313591,NA,concept_plausible_UNIT_CONCEPT_IDs.sql,Plausibility,Atemporal,Verification,,,concept_plausibleunitconceptids_measurement_measurement_concept_id_4313591,0,0,0,1,NULL,5,NULL
0,0.00000000000000000,0,,,plausibleUnitConceptIds,CONCEPT,"The number and percent of records for a given CONCEPT_ID 37393851 (MCV - MEAN CORPUSCULAR VOLUME) with implausible units (i.e., UNIT_CONCEPT_ID NOT IN  (8583)).",MEASUREMENT,MEASUREMENT_CONCEPT_ID,37393851,NA,concept_plausible_UNIT_CONCEPT_IDs.sql,Plausibility,Atemporal,Verification,,,concept_plausibleunitconceptids_measurement_measurement_concept_id_37393851,0,0,0,1,NULL,5,NULL
0,0.00000000000000000,0,,,plausibleUnitConceptIds,CONCEPT,"The number and percent of records for a given CONCEPT_ID 1619025 (GLOMERULAR FILTRATION RATE/1.73 SQ M.PREDICTED [VOLUME RATE/AREA] IN SERUM, PLASMA OR BLOOD BY CREATININE-BASED FORMULA (CKD-EPI 2021)) with implausible units (i.e., UNIT_CONCEPT_ID NOT IN  (720870,8795)).",MEASUREMENT,MEASUREMENT_CONCEPT_ID,1619025,NA,concept_plausible_UNIT_CONCEPT_IDs.sql,Plausibility,Atemporal,Verification,,,concept_plausibleunitconceptids_measurement_measurement_concept_id_1619025,0,0,0,1,NULL,5,NULL
0,0.00000000000000000,0,,,plausibleUnitConceptIds,CONCEPT,"The number and percent of records for a given CONCEPT_ID 3035472 (ALBUMIN/PROTEIN.TOTAL IN SERUM OR PLASMA) with implausible units (i.e., UNIT_CONCEPT_ID NOT IN  (8554,-1)).",MEASUREMENT,MEASUREMENT_CONCEPT_ID,3035472,NA,concept_plausible_UNIT_CONCEPT_IDs.sql,Plausibility,Atemporal,Verification,,,concept_plausibleunitconceptids_measurement_measurement_concept_id_3035472,0,0,0,1,NULL,5,NULL
0,0.00000000000000000,0,,,plausibleUnitConceptIds,CONCEPT,"The number and percent of records for a given CONCEPT_ID 3039000 (ANION GAP IN BLOOD) with implausible units (i.e., UNIT_CONCEPT_ID NOT IN  (8753,9557)).",MEASUREMENT,MEASUREMENT_CONCEPT_ID,3039000,NA,concept_plausible_UNIT_CONCEPT_IDs.sql,Plausibility,Atemporal,Verification,,,concept_plausibleunitconceptids_measurement_measurement_concept_id_3039000,0,0,0,1,NULL,5,NULL
0,0.00000000000000000,3874,,,plausibleUnitConceptIds,CONCEPT,"The number and percent of records for a given CONCEPT_ID 3000905 (LEUKOCYTES [#/VOLUME] IN BLOOD BY AUTOMATED COUNT) with implausible units (i.e., UNIT_CONCEPT_ID NOT IN  (8816,8848,8961,9436,9444)).",MEASUREMENT,MEASUREMENT_CONCEPT_ID,3000905,NA,concept_plausible_UNIT_CONCEPT_IDs.sql,Plausibility,Atemporal,Verification,,,concept_plausibleunitconceptids_measurement_measurement_concept_id_3000905,0,0,0,1,NULL,5,NULL
0,0.00000000000000000,8259,,,plausibleUnitConceptIds,CONCEPT,"The number and percent of records for a given CONCEPT_ID 3015632 (CARBON DIOXIDE, TOTAL [MOLES/VOLUME] IN SERUM OR PLASMA) with implausible units (i.e., UNIT_CONCEPT_ID NOT IN  (8753,9557)).",MEASUREMENT,MEASUREMENT_CONCEPT_ID,3015632,NA,concept_plausible_UNIT_CONCEPT_IDs.sql,Plausibility,Atemporal,Verification,,,concept_plausibleunitconceptids_measurement_measurement_concept_id_3015632,0,0,0,1,NULL,5,NULL
0,0.00000000000000000,0,,,plausibleUnitConceptIds,CONCEPT,"The number and percent of records for a given CONCEPT_ID 3032710 (CALCIUM.IONIZED/CALCIUM.TOTAL CORRECTED FOR ALBUMIN IN BLOOD) with implausible units (i.e., UNIT_CONCEPT_ID NOT IN  (8554,-1)).",MEASUREMENT,MEASUREMENT_CONCEPT_ID,3032710,NA,concept_plausible_UNIT_CONCEPT_IDs.sql,Plausibility,Atemporal,Verification,,,concept_plausibleunitconceptids_measurement_measurement_concept_id_3032710,0,0,0,1,NULL,5,NULL
0,0.00000000000000000,0,,,plausibleUnitConceptIds,CONCEPT,"The number and percent of records for a given CONCEPT_ID 4197971 (HBA1C MEASUREMENT (DCCT ALIGNED)) with implausible units (i.e., UNIT_CONCEPT_ID NOT IN  (8554,8632,8737)).",MEASUREMENT,MEASUREMENT_CONCEPT_ID,4197971,NA,concept_plausible_UNIT_CONCEPT_IDs.sql,Plausibility,Atemporal,Verification,,,concept_plausibleunitconceptids_measurement_measurement_concept_id_4197971,0,0,0,1,NULL,5,NULL
0,0.00000000000000000,0,,,plausibleUnitConceptIds,CONCEPT,"The number and percent of records for a given CONCEPT_ID 42869452 (IMMATURE GRANULOCYTES/100 LEUKOCYTES IN BLOOD BY AUTOMATED COUNT) with implausible units (i.e., UNIT_CONCEPT_ID NOT IN  (8554,-1)).",MEASUREMENT,MEASUREMENT_CONCEPT_ID,42869452,NA,concept_plausible_UNIT_CONCEPT_IDs.sql,Plausibility,Atemporal,Verification,,,concept_plausibleunitconceptids_measurement_measurement_concept_id_42869452,0,0,0,1,NULL,5,NULL
0,0.00000000000000000,0,,,plausibleUnitConceptIds,CONCEPT,"The number and percent of records for a given CONCEPT_ID 3002109 (CHOLESTEROL IN LDL/CHOLESTEROL IN HDL [MASS RATIO] IN SERUM OR PLASMA) with implausible units (i.e., UNIT_CONCEPT_ID NOT IN  (8523,8596,8606,-1)).",MEASUREMENT,MEASUREMENT_CONCEPT_ID,3002109,NA,concept_plausible_UNIT_CONCEPT_IDs.sql,Plausibility,Atemporal,Verification,,,concept_plausibleunitconceptids_measurement_measurement_concept_id_3002109,0,0,0,1,NULL,5,NULL
0,0.00000000000000000,0,,,plausibleUnitConceptIds,CONCEPT,"The number and percent of records for a given CONCEPT_ID 3006322 (ORAL TEMPERATURE) with implausible units (i.e., UNIT_CONCEPT_ID NOT IN  (586323)).",MEASUREMENT,MEASUREMENT_CONCEPT_ID,3006322,NA,concept_plausible_UNIT_CONCEPT_IDs.sql,Plausibility,Atemporal,Verification,,,concept_plausibleunitconceptids_measurement_measurement_concept_id_3006322,0,0,0,1,NULL,5,NULL
0,0.00000000000000000,4813,,,plausibleUnitConceptIds,CONCEPT,"The number and percent of records for a given CONCEPT_ID 3020630 (PROTEIN [MASS/VOLUME] IN SERUM OR PLASMA) with implausible units (i.e., UNIT_CONCEPT_ID NOT IN  (8636,8713)).",MEASUREMENT,MEASUREMENT_CONCEPT_ID,3020630,NA,concept_plausible_UNIT_CONCEPT_IDs.sql,Plausibility,Atemporal,Verification,,,concept_plausibleunitconceptids_measurement_measurement_concept_id_3020630,0,0,0,1,NULL,5,NULL
0,0.00000000000000000,416,,,plausibleUnitConceptIds,CONCEPT,"The number and percent of records for a given CONCEPT_ID 3001122 (FERRITIN [MASS/VOLUME] IN SERUM OR PLASMA) with implausible units (i.e., UNIT_CONCEPT_ID NOT IN  (8748,8842)).",MEASUREMENT,MEASUREMENT_CONCEPT_ID,3001122,NA,concept_plausible_UNIT_CONCEPT_IDs.sql,Plausibility,Atemporal,Verification,,,concept_plausibleunitconceptids_measurement_measurement_concept_id_3001122,0,0,0,1,NULL,5,NULL
0,0.00000000000000000,0,,,plausibleUnitConceptIds,CONCEPT,"The number and percent of records for a given CONCEPT_ID 3010189 (EPITHELIAL CELLS [#/AREA] IN URINE SEDIMENT BY MICROSCOPY HIGH POWER FIELD) with implausible units (i.e., UNIT_CONCEPT_ID NOT IN  (8765,8786)).",MEASUREMENT,MEASUREMENT_CONCEPT_ID,3010189,NA,concept_plausible_UNIT_CONCEPT_IDs.sql,Plausibility,Atemporal,Verification,,,concept_plausibleunitconceptids_measurement_measurement_concept_id_3010189,0,0,0,1,NULL,5,NULL
0,0.00000000000000000,0,,,plausibleUnitConceptIds,CONCEPT,"The number and percent of records for a given CONCEPT_ID 4192368 (PLATELET MEAN VOLUME DETERMINATION) with implausible units (i.e., UNIT_CONCEPT_ID NOT IN  (8583)).",MEASUREMENT,MEASUREMENT_CONCEPT_ID,4192368,NA,concept_plausible_UNIT_CONCEPT_IDs.sql,Plausibility,Atemporal,Verification,,,concept_plausibleunitconceptids_measurement_measurement_concept_id_4192368,0,0,0,1,NULL,5,NULL
0,0.00000000000000000,8259,,,plausibleUnitConceptIds,CONCEPT,"The number and percent of records for a given CONCEPT_ID 3014576 (CHLORIDE [MOLES/VOLUME] IN SERUM OR PLASMA) with implausible units (i.e., UNIT_CONCEPT_ID NOT IN  (8753,9557)).",MEASUREMENT,MEASUREMENT_CONCEPT_ID,3014576,NA,concept_plausible_UNIT_CONCEPT_IDs.sql,Plausibility,Atemporal,Verification,,,concept_plausibleunitconceptids_measurement_measurement_concept_id_3014576,0,0,0,1,NULL,5,NULL
0,0.00000000000000000,4812,,,plausibleUnitConceptIds,CONCEPT,"The number and percent of records for a given CONCEPT_ID 3024128 (BILIRUBIN.TOTAL [MASS/VOLUME] IN SERUM OR PLASMA) with implausible units (i.e., UNIT_CONCEPT_ID NOT IN  (8840)).",MEASUREMENT,MEASUREMENT_CONCEPT_ID,3024128,NA,concept_plausible_UNIT_CONCEPT_IDs.sql,Plausibility,Atemporal,Verification,,,concept_plausibleunitconceptids_measurement_measurement_concept_id_3024128,0,0,0,1,NULL,5,NULL
0,0.00000000000000000,0,,,plausibleUnitConceptIds,CONCEPT,"The number and percent of records for a given CONCEPT_ID 3018311 (UREA NITROGEN/CREATININE [MASS RATIO] IN SERUM OR PLASMA) with implausible units (i.e., UNIT_CONCEPT_ID NOT IN  (8523,8554,8596,-1)).",MEASUREMENT,MEASUREMENT_CONCEPT_ID,3018311,NA,concept_plausible_UNIT_CONCEPT_IDs.sql,Plausibility,Atemporal,Verification,,,concept_plausibleunitconceptids_measurement_measurement_concept_id_3018311,0,0,0,1,NULL,5,NULL
0,0.00000000000000000,1337,,,plausibleUnitConceptIds,CONCEPT,"The number and percent of records for a given CONCEPT_ID 3020891 (BODY TEMPERATURE) with implausible units (i.e., UNIT_CONCEPT_ID NOT IN  (586323,9289)).",MEASUREMENT,MEASUREMENT_CONCEPT_ID,3020891,NA,concept_plausible_UNIT_CONCEPT_IDs.sql,Plausibility,Atemporal,Verification,,,concept_plausibleunitconceptids_measurement_measurement_concept_id_3020891,0,0,0,1,NULL,5,NULL
0,0.00000000000000000,0,,,plausibleUnitConceptIds,CONCEPT,"The number and percent of records for a given CONCEPT_ID 3037556 (URATE [MASS/VOLUME] IN SERUM OR PLASMA) with implausible units (i.e., UNIT_CONCEPT_ID NOT IN  (8840)).",MEASUREMENT,MEASUREMENT_CONCEPT_ID,3037556,NA,concept_plausible_UNIT_CONCEPT_IDs.sql,Plausibility,Atemporal,Verification,,,concept_plausibleunitconceptids_measurement_measurement_concept_id_3037556,0,0,0,1,NULL,5,NULL
0,0.00000000000000000,0,,,plausibleUnitConceptIds,CONCEPT,"The number and percent of records for a given CONCEPT_ID 37399332 (SERUM TSH (THYROID STIMULATING HORMONE) LEVEL) with implausible units (i.e., UNIT_CONCEPT_ID NOT IN  (44777578,9040)).",MEASUREMENT,MEASUREMENT_CONCEPT_ID,37399332,NA,concept_plausible_UNIT_CONCEPT_IDs.sql,Plausibility,Atemporal,Verification,,,concept_plausibleunitconceptids_measurement_measurement_concept_id_37399332,0,0,0,1,NULL,5,NULL
0,0.00000000000000000,304,,,plausibleUnitConceptIds,CONCEPT,"The number and percent of records for a given CONCEPT_ID 3011904 (PHOSPHATE [MASS/VOLUME] IN SERUM OR PLASMA) with implausible units (i.e., UNIT_CONCEPT_ID NOT IN  (8840)).",MEASUREMENT,MEASUREMENT_CONCEPT_ID,3011904,NA,concept_plausible_UNIT_CONCEPT_IDs.sql,Plausibility,Atemporal,Verification,,,concept_plausibleunitconceptids_measurement_measurement_concept_id_3011904,0,0,0,1,NULL,5,NULL
0,0.00000000000000000,936,,,plausibleUnitConceptIds,CONCEPT,"The number and percent of records for a given CONCEPT_ID 3019897 (ERYTHROCYTE DISTRIBUTION WIDTH [RATIO] BY AUTOMATED COUNT) with implausible units (i.e., UNIT_CONCEPT_ID NOT IN  (8554,-1)).",MEASUREMENT,MEASUREMENT_CONCEPT_ID,3019897,NA,concept_plausible_UNIT_CONCEPT_IDs.sql,Plausibility,Atemporal,Verification,,,concept_plausibleunitconceptids_measurement_measurement_concept_id_3019897,0,0,0,1,NULL,5,NULL
0,0.00000000000000000,0,,,plausibleUnitConceptIds,CONCEPT,"The number and percent of records for a given CONCEPT_ID 3025255 (BACTERIA [#/AREA] IN URINE SEDIMENT BY MICROSCOPY HIGH POWER FIELD) with implausible units (i.e., UNIT_CONCEPT_ID NOT IN  (8786)).",MEASUREMENT,MEASUREMENT_CONCEPT_ID,3025255,NA,concept_plausible_UNIT_CONCEPT_IDs.sql,Plausibility,Atemporal,Verification,,,concept_plausibleunitconceptids_measurement_measurement_concept_id_3025255,0,0,0,1,NULL,5,NULL
0,0.00000000000000000,0,,,plausibleUnitConceptIds,CONCEPT,"The number and percent of records for a given CONCEPT_ID 4076704 (HIGH DENSITY LIPOPROTEIN MEASUREMENT) with implausible units (i.e., UNIT_CONCEPT_ID NOT IN  (8753,8840)).",MEASUREMENT,MEASUREMENT_CONCEPT_ID,4076704,NA,concept_plausible_UNIT_CONCEPT_IDs.sql,Plausibility,Atemporal,Verification,,,concept_plausibleunitconceptids_measurement_measurement_concept_id_4076704,0,0,0,1,NULL,5,NULL
0,0.00000000000000000,0,,,plausibleUnitConceptIds,CONCEPT,"The number and percent of records for a given CONCEPT_ID 4172647 (BASOPHIL COUNT) with implausible units (i.e., UNIT_CONCEPT_ID NOT IN  (8848,8961,9444)).",MEASUREMENT,MEASUREMENT_CONCEPT_ID,4172647,NA,concept_plausible_UNIT_CONCEPT_IDs.sql,Plausibility,Atemporal,Verification,,,concept_plausibleunitconceptids_measurement_measurement_concept_id_4172647,0,0,0,1,NULL,5,NULL
0,0.00000000000000000,0,,,plausibleUnitConceptIds,CONCEPT,"The number and percent of records for a given CONCEPT_ID 37393531 (SERUM ALANINE AMINOTRANSFERASE LEVEL) with implausible units (i.e., UNIT_CONCEPT_ID NOT IN  (32995,8645,8923)).",MEASUREMENT,MEASUREMENT_CONCEPT_ID,37393531,NA,concept_plausible_UNIT_CONCEPT_IDs.sql,Plausibility,Atemporal,Verification,,,concept_plausibleunitconceptids_measurement_measurement_concept_id_37393531,0,0,0,1,NULL,5,NULL
0,0.00000000000000000,0,,,plausibleUnitConceptIds,CONCEPT,"The number and percent of records for a given CONCEPT_ID 40771529 (IMMATURE GRANULOCYTES/100 LEUKOCYTES IN BODY FLUID) with implausible units (i.e., UNIT_CONCEPT_ID NOT IN  (8554,-1)).",MEASUREMENT,MEASUREMENT_CONCEPT_ID,40771529,NA,concept_plausible_UNIT_CONCEPT_IDs.sql,Plausibility,Atemporal,Verification,,,concept_plausibleunitconceptids_measurement_measurement_concept_id_40771529,0,0,0,1,NULL,5,NULL
0,0.00000000000000000,0,,,plausibleUnitConceptIds,CONCEPT,"The number and percent of records for a given CONCEPT_ID 3000034 (MICROALBUMIN [MASS/VOLUME] IN URINE) with implausible units (i.e., UNIT_CONCEPT_ID NOT IN  (8576,8723,8751,8840,8859)).",MEASUREMENT,MEASUREMENT_CONCEPT_ID,3000034,NA,concept_plausible_UNIT_CONCEPT_IDs.sql,Plausibility,Atemporal,Verification,,,concept_plausibleunitconceptids_measurement_measurement_concept_id_3000034,0,0,0,1,NULL,5,NULL
0,0.00000000000000000,0,,,plausibleUnitConceptIds,CONCEPT,"The number and percent of records for a given CONCEPT_ID 3035124 (ERYTHROCYTES [#/AREA] IN URINE SEDIMENT BY MICROSCOPY HIGH POWER FIELD) with implausible units (i.e., UNIT_CONCEPT_ID NOT IN  (8786,8889)).",MEASUREMENT,MEASUREMENT_CONCEPT_ID,3035124,NA,concept_plausible_UNIT_CONCEPT_IDs.sql,Plausibility,Atemporal,Verification,,,concept_plausibleunitconceptids_measurement_measurement_concept_id_3035124,0,0,0,1,NULL,5,NULL
0,0.00000000000000000,1,,,plausibleUnitConceptIds,CONCEPT,"The number and percent of records for a given CONCEPT_ID 3024731 (MCV [ENTITIC VOLUME]) with implausible units (i.e., UNIT_CONCEPT_ID NOT IN  (8583)).",MEASUREMENT,MEASUREMENT_CONCEPT_ID,3024731,NA,concept_plausible_UNIT_CONCEPT_IDs.sql,Plausibility,Atemporal,Verification,,,concept_plausibleunitconceptids_measurement_measurement_concept_id_3024731,0,0,0,1,NULL,5,NULL
0,0.00000000000000000,3874,,,plausibleUnitConceptIds,CONCEPT,"The number and percent of records for a given CONCEPT_ID 3023599 (MCV [ENTITIC VOLUME] BY AUTOMATED COUNT) with implausible units (i.e., UNIT_CONCEPT_ID NOT IN  (8583)).",MEASUREMENT,MEASUREMENT_CONCEPT_ID,3023599,NA,concept_plausible_UNIT_CONCEPT_IDs.sql,Plausibility,Atemporal,Verification,,,concept_plausibleunitconceptids_measurement_measurement_concept_id_3023599,0,0,0,1,NULL,5,NULL
0,0.00000000000000000,0,,,plausibleUnitConceptIds,CONCEPT,"The number and percent of records for a given CONCEPT_ID 3002030 (LYMPHOCYTES/100 LEUKOCYTES IN BLOOD) with implausible units (i.e., UNIT_CONCEPT_ID NOT IN  (8554,8848)).",MEASUREMENT,MEASUREMENT_CONCEPT_ID,3002030,NA,concept_plausible_UNIT_CONCEPT_IDs.sql,Plausibility,Atemporal,Verification,,,concept_plausibleunitconceptids_measurement_measurement_concept_id_3002030,0,0,0,1,NULL,5,NULL
0,0.00000000000000000,0,,,plausibleUnitConceptIds,CONCEPT,"The number and percent of records for a given CONCEPT_ID 3019170 (THYROTROPIN [UNITS/VOLUME] IN SERUM OR PLASMA BY DETECTION LIMIT <= 0.005 MIU/L) with implausible units (i.e., UNIT_CONCEPT_ID NOT IN  (44777578,8719,8860,9040,9093,9550)).",MEASUREMENT,MEASUREMENT_CONCEPT_ID,3019170,NA,concept_plausible_UNIT_CONCEPT_IDs.sql,Plausibility,Atemporal,Verification,,,concept_plausibleunitconceptids_measurement_measurement_concept_id_3019170,0,0,0,1,NULL,5,NULL
0,0.00000000000000000,0,,,plausibleUnitConceptIds,CONCEPT,"The number and percent of records for a given CONCEPT_ID 3020149 (25-HYDROXYVITAMIN D3 [MASS/VOLUME] IN SERUM OR PLASMA) with implausible units (i.e., UNIT_CONCEPT_ID NOT IN  (8842)).",MEASUREMENT,MEASUREMENT_CONCEPT_ID,3020149,NA,concept_plausible_UNIT_CONCEPT_IDs.sql,Plausibility,Atemporal,Verification,,,concept_plausibleunitconceptids_measurement_measurement_concept_id_3020149,0,0,0,1,NULL,5,NULL
0,0.00000000000000000,0,,,plausibleUnitConceptIds,CONCEPT,"The number and percent of records for a given CONCEPT_ID 3022174 (LEUKOCYTES [#/VOLUME] IN BODY FLUID) with implausible units (i.e., UNIT_CONCEPT_ID NOT IN  (8647,8784,8785,8848,8961)).",MEASUREMENT,MEASUREMENT_CONCEPT_ID,3022174,NA,concept_plausible_UNIT_CONCEPT_IDs.sql,Plausibility,Atemporal,Verification,,,concept_plausibleunitconceptids_measurement_measurement_concept_id_3022174,0,0,0,1,NULL,5,NULL
0,0.00000000000000000,3874,,,plausibleUnitConceptIds,CONCEPT,"The number and percent of records for a given CONCEPT_ID 3024929 (PLATELETS [#/VOLUME] IN BLOOD BY AUTOMATED COUNT) with implausible units (i.e., UNIT_CONCEPT_ID NOT IN  (8816,8848,8961,9436,9444)).",MEASUREMENT,MEASUREMENT_CONCEPT_ID,3024929,NA,concept_plausible_UNIT_CONCEPT_IDs.sql,Plausibility,Atemporal,Verification,,,concept_plausibleunitconceptids_measurement_measurement_concept_id_3024929,0,0,0,1,NULL,5,NULL
0,0.00000000000000000,0,,,plausibleUnitConceptIds,CONCEPT,"The number and percent of records for a given CONCEPT_ID 3049187 (GLOMERULAR FILTRATION RATE/1.73 SQ M.PREDICTED AMONG NON-BLACKS [VOLUME RATE/AREA] IN SERUM, PLASMA OR BLOOD BY CREATININE-BASED FORMULA (MDRD)) with implausible units (i.e., UNIT_CONCEPT_ID NOT IN  (720870,8795)).",MEASUREMENT,MEASUREMENT_CONCEPT_ID,3049187,NA,concept_plausible_UNIT_CONCEPT_IDs.sql,Plausibility,Atemporal,Verification,,,concept_plausibleunitconceptids_measurement_measurement_concept_id_3049187,0,0,0,1,NULL,5,NULL
0,0.00000000000000000,0,,,plausibleUnitConceptIds,CONCEPT,"The number and percent of records for a given CONCEPT_ID 37398676 (BASOPHIL COUNT) with implausible units (i.e., UNIT_CONCEPT_ID NOT IN  (8848)).",MEASUREMENT,MEASUREMENT_CONCEPT_ID,37398676,NA,concept_plausible_UNIT_CONCEPT_IDs.sql,Plausibility,Atemporal,Verification,,,concept_plausibleunitconceptids_measurement_measurement_concept_id_37398676,0,0,0,1,NULL,5,NULL
0,0.00000000000000000,0,,,plausibleUnitConceptIds,CONCEPT,"The number and percent of records for a given CONCEPT_ID 4112223 (BUN/CREATININE RATIO) with implausible units (i.e., UNIT_CONCEPT_ID NOT IN  (8523,8596,-1)).",MEASUREMENT,MEASUREMENT_CONCEPT_ID,4112223,NA,concept_plausible_UNIT_CONCEPT_IDs.sql,Plausibility,Atemporal,Verification,,,concept_plausibleunitconceptids_measurement_measurement_concept_id_4112223,0,0,0,1,NULL,5,NULL
0,0.00000000000000000,0,,,plausibleUnitConceptIds,CONCEPT,"The number and percent of records for a given CONCEPT_ID 3017250 (CREATININE [MASS/VOLUME] IN URINE) with implausible units (i.e., UNIT_CONCEPT_ID NOT IN  (8576,8840)).",MEASUREMENT,MEASUREMENT_CONCEPT_ID,3017250,NA,concept_plausible_UNIT_CONCEPT_IDs.sql,Plausibility,Atemporal,Verification,,,concept_plausibleunitconceptids_measurement_measurement_concept_id_3017250,0,0,0,1,NULL,5,NULL
0,0.00000000000000000,0,,,plausibleUnitConceptIds,CONCEPT,"The number and percent of records for a given CONCEPT_ID 4191837 (CALCULATED LDL CHOLESTEROL LEVEL) with implausible units (i.e., UNIT_CONCEPT_ID NOT IN  (8840)).",MEASUREMENT,MEASUREMENT_CONCEPT_ID,4191837,NA,concept_plausible_UNIT_CONCEPT_IDs.sql,Plausibility,Atemporal,Verification,,,concept_plausibleunitconceptids_measurement_measurement_concept_id_4191837,0,0,0,1,NULL,5,NULL
0,0.00000000000000000,0,,,plausibleUnitConceptIds,CONCEPT,"The number and percent of records for a given CONCEPT_ID 3022096 (BASOPHILS/100 LEUKOCYTES IN BLOOD) with implausible units (i.e., UNIT_CONCEPT_ID NOT IN  (8554)).",MEASUREMENT,MEASUREMENT_CONCEPT_ID,3022096,NA,concept_plausible_UNIT_CONCEPT_IDs.sql,Plausibility,Atemporal,Verification,,,concept_plausibleunitconceptids_measurement_measurement_concept_id_3022096,0,0,0,1,NULL,5,NULL
0,0.00000000000000000,0,,,plausibleUnitConceptIds,CONCEPT,"The number and percent of records for a given CONCEPT_ID 3034485 (ALBUMIN/CREATININE [MASS RATIO] IN URINE) with implausible units (i.e., UNIT_CONCEPT_ID NOT IN  (8523,8723,8838,9017,9072)).",MEASUREMENT,MEASUREMENT_CONCEPT_ID,3034485,NA,concept_plausible_UNIT_CONCEPT_IDs.sql,Plausibility,Atemporal,Verification,,,concept_plausibleunitconceptids_measurement_measurement_concept_id_3034485,0,0,0,1,NULL,5,NULL
0,0.00000000000000000,0,,,plausibleUnitConceptIds,CONCEPT,"The number and percent of records for a given CONCEPT_ID 44790183 (GLOMERULAR FILTRATION RATE TESTING) with implausible units (i.e., UNIT_CONCEPT_ID NOT IN  (720870,8795)).",MEASUREMENT,MEASUREMENT_CONCEPT_ID,44790183,NA,concept_plausible_UNIT_CONCEPT_IDs.sql,Plausibility,Atemporal,Verification,,,concept_plausibleunitconceptids_measurement_measurement_concept_id_44790183,0,0,0,1,NULL,5,NULL
0,0.00000000000000000,229,,,plausibleUnitConceptIds,CONCEPT,"The number and percent of records for a given CONCEPT_ID 3002400 (IRON [MASS/VOLUME] IN SERUM OR PLASMA) with implausible units (i.e., UNIT_CONCEPT_ID NOT IN  (8749,8837)).",MEASUREMENT,MEASUREMENT_CONCEPT_ID,3002400,NA,concept_plausible_UNIT_CONCEPT_IDs.sql,Plausibility,Atemporal,Verification,,,concept_plausibleunitconceptids_measurement_measurement_concept_id_3002400,0,0,0,1,NULL,5,NULL
0,0.00000000000000000,0,,,plausibleUnitConceptIds,CONCEPT,"The number and percent of records for a given CONCEPT_ID 3003338 (MCHC [MASS/VOLUME]) with implausible units (i.e., UNIT_CONCEPT_ID NOT IN  (8713)).",MEASUREMENT,MEASUREMENT_CONCEPT_ID,3003338,NA,concept_plausible_UNIT_CONCEPT_IDs.sql,Plausibility,Atemporal,Verification,,,concept_plausibleunitconceptids_measurement_measurement_concept_id_3003338,0,0,0,1,NULL,5,NULL
0,0.00000000000000000,9155,,,plausibleUnitConceptIds,CONCEPT,"The number and percent of records for a given CONCEPT_ID 3004410 (HEMOGLOBIN A1C/HEMOGLOBIN.TOTAL IN BLOOD) with implausible units (i.e., UNIT_CONCEPT_ID NOT IN  (8554,8737,9225,9579)).",MEASUREMENT,MEASUREMENT_CONCEPT_ID,3004410,NA,concept_plausible_UNIT_CONCEPT_IDs.sql,Plausibility,Atemporal,Verification,,,concept_plausibleunitconceptids_measurement_measurement_concept_id_3004410,0,0,0,1,NULL,5,NULL
4812,0.99979222937876584,4813,,,plausibleUnitConceptIds,CONCEPT,"The number and percent of records for a given CONCEPT_ID 3013721 (ASPARTATE AMINOTRANSFERASE [ENZYMATIC ACTIVITY/VOLUME] IN SERUM OR PLASMA) with implausible units (i.e., UNIT_CONCEPT_ID NOT IN  (8645,8923)).",MEASUREMENT,MEASUREMENT_CONCEPT_ID,3013721,NA,concept_plausible_UNIT_CONCEPT_IDs.sql,Plausibility,Atemporal,Verification,,,concept_plausibleunitconceptids_measurement_measurement_concept_id_3013721,0,0,1,0,NULL,5,NULL
0,0.00000000000000000,1,,,plausibleUnitConceptIds,CONCEPT,"The number and percent of records for a given CONCEPT_ID 3045716 (ANION GAP IN SERUM OR PLASMA) with implausible units (i.e., UNIT_CONCEPT_ID NOT IN  (8753,9557)).",MEASUREMENT,MEASUREMENT_CONCEPT_ID,3045716,NA,concept_plausible_UNIT_CONCEPT_IDs.sql,Plausibility,Atemporal,Verification,,,concept_plausibleunitconceptids_measurement_measurement_concept_id_3045716,0,0,0,1,NULL,5,NULL
0,0.00000000000000000,3874,,,plausibleUnitConceptIds,CONCEPT,"The number and percent of records for a given CONCEPT_ID 3009744 (MCHC [MASS/VOLUME] BY AUTOMATED COUNT) with implausible units (i.e., UNIT_CONCEPT_ID NOT IN  (8564,8636,8713)).",MEASUREMENT,MEASUREMENT_CONCEPT_ID,3009744,NA,concept_plausible_UNIT_CONCEPT_IDs.sql,Plausibility,Atemporal,Verification,,,concept_plausibleunitconceptids_measurement_measurement_concept_id_3009744,0,0,0,1,NULL,5,NULL
0,0.00000000000000000,8259,,,plausibleUnitConceptIds,CONCEPT,"The number and percent of records for a given CONCEPT_ID 3019550 (SODIUM [MOLES/VOLUME] IN SERUM OR PLASMA) with implausible units (i.e., UNIT_CONCEPT_ID NOT IN  (8753,9557)).",MEASUREMENT,MEASUREMENT_CONCEPT_ID,3019550,NA,concept_plausible_UNIT_CONCEPT_IDs.sql,Plausibility,Atemporal,Verification,,,concept_plausibleunitconceptids_measurement_measurement_concept_id_3019550,0,0,0,1,NULL,5,NULL
0,0.00000000000000000,15655,,,plausibleUnitConceptIds,CONCEPT,"The number and percent of records for a given CONCEPT_ID 3038553 (BODY MASS INDEX (BMI) [RATIO]) with implausible units (i.e., UNIT_CONCEPT_ID NOT IN  (9531)).",MEASUREMENT,MEASUREMENT_CONCEPT_ID,3038553,NA,concept_plausible_UNIT_CONCEPT_IDs.sql,Plausibility,Atemporal,Verification,,,concept_plausibleunitconceptids_measurement_measurement_concept_id_3038553,0,0,0,1,NULL,5,NULL
0,0.00000000000000000,364,,,plausibleUnitConceptIds,CONCEPT,"The number and percent of records for a given CONCEPT_ID 3037511 (LYMPHOCYTES/100 LEUKOCYTES IN BLOOD BY AUTOMATED COUNT) with implausible units (i.e., UNIT_CONCEPT_ID NOT IN  (8554)).",MEASUREMENT,MEASUREMENT_CONCEPT_ID,3037511,NA,concept_plausible_UNIT_CONCEPT_IDs.sql,Plausibility,Atemporal,Verification,,,concept_plausibleunitconceptids_measurement_measurement_concept_id_3037511,0,0,0,1,NULL,5,NULL
0,0.00000000000000000,17841,,,plausibleUnitConceptIds,CONCEPT,"The number and percent of records for a given CONCEPT_ID 3004249 (SYSTOLIC BLOOD PRESSURE) with implausible units (i.e., UNIT_CONCEPT_ID NOT IN  (8876)).",MEASUREMENT,MEASUREMENT_CONCEPT_ID,3004249,NA,concept_plausible_UNIT_CONCEPT_IDs.sql,Plausibility,Atemporal,Verification,,,concept_plausibleunitconceptids_measurement_measurement_concept_id_3004249,0,0,0,1,NULL,5,NULL
0,0.00000000000000000,8259,,,plausibleUnitConceptIds,CONCEPT,"The number and percent of records for a given CONCEPT_ID 3013682 (UREA NITROGEN [MASS/VOLUME] IN SERUM OR PLASMA) with implausible units (i.e., UNIT_CONCEPT_ID NOT IN  (8840)).",MEASUREMENT,MEASUREMENT_CONCEPT_ID,3013682,NA,concept_plausible_UNIT_CONCEPT_IDs.sql,Plausibility,Atemporal,Verification,,,concept_plausibleunitconceptids_measurement_measurement_concept_id_3013682,0,0,0,1,NULL,5,NULL
0,0.00000000000000000,364,,,plausibleUnitConceptIds,CONCEPT,"The number and percent of records for a given CONCEPT_ID 3013429 (BASOPHILS [#/VOLUME] IN BLOOD BY AUTOMATED COUNT) with implausible units (i.e., UNIT_CONCEPT_ID NOT IN  (8784,8816,8848,8961,9436,9444)).",MEASUREMENT,MEASUREMENT_CONCEPT_ID,3013429,NA,concept_plausible_UNIT_CONCEPT_IDs.sql,Plausibility,Atemporal,Verification,,,concept_plausibleunitconceptids_measurement_measurement_concept_id_3013429,0,0,0,1,NULL,5,NULL
0,0.00000000000000000,8259,,,plausibleUnitConceptIds,CONCEPT,"The number and percent of records for a given CONCEPT_ID 3016723 (CREATININE [MASS/VOLUME] IN SERUM OR PLASMA) with implausible units (i.e., UNIT_CONCEPT_ID NOT IN  (8840)).",MEASUREMENT,MEASUREMENT_CONCEPT_ID,3016723,NA,concept_plausible_UNIT_CONCEPT_IDs.sql,Plausibility,Atemporal,Verification,,,concept_plausibleunitconceptids_measurement_measurement_concept_id_3016723,0,0,0,1,NULL,5,NULL
0,0.00000000000000000,364,,,plausibleUnitConceptIds,CONCEPT,"The number and percent of records for a given CONCEPT_ID 3013869 (BASOPHILS/100 LEUKOCYTES IN BLOOD BY AUTOMATED COUNT) with implausible units (i.e., UNIT_CONCEPT_ID NOT IN  (8554)).",MEASUREMENT,MEASUREMENT_CONCEPT_ID,3013869,NA,concept_plausible_UNIT_CONCEPT_IDs.sql,Plausibility,Atemporal,Verification,,,concept_plausibleunitconceptids_measurement_measurement_concept_id_3013869,0,0,0,1,NULL,5,NULL
0,0.00000000000000000,364,,,plausibleUnitConceptIds,CONCEPT,"The number and percent of records for a given CONCEPT_ID 3004327 (LYMPHOCYTES [#/VOLUME] IN BLOOD BY AUTOMATED COUNT) with implausible units (i.e., UNIT_CONCEPT_ID NOT IN  (8784,8816,8848,8961,9436,9444)).",MEASUREMENT,MEASUREMENT_CONCEPT_ID,3004327,NA,concept_plausible_UNIT_CONCEPT_IDs.sql,Plausibility,Atemporal,Verification,,,concept_plausibleunitconceptids_measurement_measurement_concept_id_3004327,0,0,0,1,NULL,5,NULL
0,0.00000000000000000,364,,,plausibleUnitConceptIds,CONCEPT,"The number and percent of records for a given CONCEPT_ID 3008342 (NEUTROPHILS/100 LEUKOCYTES IN BLOOD BY AUTOMATED COUNT) with implausible units (i.e., UNIT_CONCEPT_ID NOT IN  (8554)).",MEASUREMENT,MEASUREMENT_CONCEPT_ID,3008342,NA,concept_plausible_UNIT_CONCEPT_IDs.sql,Plausibility,Atemporal,Verification,,,concept_plausibleunitconceptids_measurement_measurement_concept_id_3008342,0,0,0,1,NULL,5,NULL
0,0.00000000000000000,152,,,plausibleUnitConceptIds,CONCEPT,"The number and percent of records for a given CONCEPT_ID 3009542 (HEMATOCRIT [VOLUME FRACTION] OF BLOOD) with implausible units (i.e., UNIT_CONCEPT_ID NOT IN  (8554)).",MEASUREMENT,MEASUREMENT_CONCEPT_ID,3009542,NA,concept_plausible_UNIT_CONCEPT_IDs.sql,Plausibility,Atemporal,Verification,,,concept_plausibleunitconceptids_measurement_measurement_concept_id_3009542,0,0,0,1,NULL,5,NULL
0,0.00000000000000000,364,,,plausibleUnitConceptIds,CONCEPT,"The number and percent of records for a given CONCEPT_ID 3010457 (EOSINOPHILS/100 LEUKOCYTES IN BLOOD BY AUTOMATED COUNT) with implausible units (i.e., UNIT_CONCEPT_ID NOT IN  (8554)).",MEASUREMENT,MEASUREMENT_CONCEPT_ID,3010457,NA,concept_plausible_UNIT_CONCEPT_IDs.sql,Plausibility,Atemporal,Verification,,,concept_plausibleunitconceptids_measurement_measurement_concept_id_3010457,0,0,0,1,NULL,5,NULL
