0,0.00000000000000000,417,,,isForeignKey,FIELD,The number and percent of records that have a value in the CONCEPT_CLASS_CONCEPT_ID field in the CONCEPT_CLASS table that does not exist in the CONCEPT table.,CONCEPT_CLASS,CONCEPT_CLASS_CONCEPT_ID,NA,NA,is_foreign_key.sql,Conformance,Relational,Verification,,,field_isforeignkey_concept_class_concept_class_concept_id,0,0,0,1,NULL,0,NULL
0,0.00000000000000000,3793989,,,isForeignKey,FIELD,The number and percent of records that have a value in the CONCEPT_ID field in the CONCEPT_SYNONYM table that does not exist in the CONCEPT table.,CONCEPT_SYNONYM,CONCEPT_ID,NA,NA,is_foreign_key.sql,Conformance,Relational,Verification,,,field_isforeignkey_concept_synonym_concept_id,0,0,0,1,NULL,0,NULL
0,0.00000000000000000,21585,,,isForeignKey,FIELD,The number and percent of records that have a value in the PERSON_ID field in the CONDITION_ERA table that does not exist in the person table.,CONDITION_ERA,PERSON_ID,NA,NA,is_foreign_key.sql,Conformance,Relational,Verification,,,field_isforeignkey_condition_era_person_id,0,0,0,1,NULL,0,NULL
0,0.00000000000000000,22399,,,isForeignKey,FIELD,The number and percent of records that have a value in the CONDITION_SOURCE_CONCEPT_ID field in the CONDITION_OCCURRENCE table that does not exist in the CONCEPT table.,CONDITION_OCCURRENCE,CONDITION_SOURCE_CONCEPT_ID,NA,NA,is_foreign_key.sql,Conformance,Relational,Verification,,,field_isforeignkey_condition_occurrence_condition_source_concept_id,0,0,0,1,NULL,0,NULL
0,0.00000000000000000,223619,,,isForeignKey,FIELD,The number and percent of records that have a value in the COST_TYPE_CONCEPT_ID field in the COST table that does not exist in the CONCEPT table.,COST,COST_TYPE_CONCEPT_ID,NA,NA,is_foreign_key.sql,Conformance,Relational,Verification,,,field_isforeignkey_cost_cost_type_concept_id,0,0,0,1,NULL,0,NULL
0,0.00000000000000000,223619,,,isForeignKey,FIELD,The number and percent of records that have a value in the CURRENCY_CONCEPT_ID field in the COST table that does not exist in the CONCEPT table.,COST,CURRENCY_CONCEPT_ID,NA,NA,is_foreign_key.sql,Conformance,Relational,Verification,,,field_isforeignkey_cost_currency_concept_id,0,0,0,1,NULL,0,NULL
0,0.00000000000000000,148,,,isForeignKey,FIELD,The number and percent of records that have a value in the CAUSE_SOURCE_CONCEPT_ID field in the DEATH table that does not exist in the CONCEPT table.,DEATH,CAUSE_SOURCE_CONCEPT_ID,NA,NA,is_foreign_key.sql,Conformance,Relational,Verification,,,field_isforeignkey_death_cause_source_concept_id,0,0,0,1,NULL,0,NULL
0,0.00000000000000000,148,,,isForeignKey,FIELD,The number and percent of records that have a value in the DEATH_TYPE_CONCEPT_ID field in the DEATH table that does not exist in the CONCEPT table.,DEATH,DEATH_TYPE_CONCEPT_ID,NA,NA,is_foreign_key.sql,Conformance,Relational,Verification,,,field_isforeignkey_death_death_type_concept_id,0,0,0,1,NULL,0,NULL
0,0.00000000000000000,2237,,,isForeignKey,FIELD,The number and percent of records that have a value in the DEVICE_TYPE_CONCEPT_ID field in the DEVICE_EXPOSURE table that does not exist in the CONCEPT table.,DEVICE_EXPOSURE,DEVICE_TYPE_CONCEPT_ID,NA,NA,is_foreign_key.sql,Conformance,Relational,Verification,,,field_isforeignkey_device_exposure_device_type_concept_id,0,0,0,1,NULL,0,NULL
0,0.00000000000000000,2237,,,isForeignKey,FIELD,The number and percent of records that have a value in the UNIT_SOURCE_CONCEPT_ID field in the DEVICE_EXPOSURE table that does not exist in the CONCEPT table.,DEVICE_EXPOSURE,UNIT_SOURCE_CONCEPT_ID,NA,NA,is_foreign_key.sql,Conformance,Relational,Verification,,,field_isforeignkey_device_exposure_unit_source_concept_id,0,0,0,1,NULL,0,NULL
0,0.00000000000000000,50,,,isForeignKey,FIELD,The number and percent of records that have a value in the DOMAIN_CONCEPT_ID field in the DOMAIN table that does not exist in the CONCEPT table.,DOMAIN,DOMAIN_CONCEPT_ID,NA,NA,is_foreign_key.sql,Conformance,Relational,Verification,,,field_isforeignkey_domain_domain_concept_id,0,0,0,1,NULL,0,NULL
0,0.00000000000000000,9778,,,isForeignKey,FIELD,The number and percent of records that have a value in the DRUG_CONCEPT_ID field in the DRUG_ERA table that does not exist in the CONCEPT table.,DRUG_ERA,DRUG_CONCEPT_ID,NA,NA,is_foreign_key.sql,Conformance,Relational,Verification,,,field_isforeignkey_drug_era_drug_concept_id,0,0,0,1,NULL,0,NULL
0,0.00000000000000000,124492,,,isForeignKey,FIELD,The number and percent of records that have a value in the DRUG_CONCEPT_ID field in the DRUG_EXPOSURE table that does not exist in the CONCEPT table.,DRUG_EXPOSURE,DRUG_CONCEPT_ID,NA,NA,is_foreign_key.sql,Conformance,Relational,Verification,,,field_isforeignkey_drug_exposure_drug_concept_id,0,0,0,1,NULL,0,NULL
0,0.00000000000000000,124492,,,isForeignKey,FIELD,The number and percent of records that have a value in the ROUTE_CONCEPT_ID field in the DRUG_EXPOSURE table that does not exist in the CONCEPT table.,DRUG_EXPOSURE,ROUTE_CONCEPT_ID,NA,NA,is_foreign_key.sql,Conformance,Relational,Verification,,,field_isforeignkey_drug_exposure_route_concept_id,0,0,0,1,NULL,0,NULL
0,0.00000000000000000,2976841,,,isForeignKey,FIELD,The number and percent of records that have a value in the DENOMINATOR_UNIT_CONCEPT_ID field in the DRUG_STRENGTH table that does not exist in the CONCEPT table.,DRUG_STRENGTH,DENOMINATOR_UNIT_CONCEPT_ID,NA,NA,is_foreign_key.sql,Conformance,Relational,Verification,,,field_isforeignkey_drug_strength_denominator_unit_concept_id,0,0,0,1,NULL,0,NULL
0,0.00000000000000000,2976841,,,isForeignKey,FIELD,The number and percent of records that have a value in the INGREDIENT_CONCEPT_ID field in the DRUG_STRENGTH table that does not exist in the CONCEPT table.,DRUG_STRENGTH,INGREDIENT_CONCEPT_ID,NA,NA,is_foreign_key.sql,Conformance,Relational,Verification,,,field_isforeignkey_drug_strength_ingredient_concept_id,0,0,0,1,NULL,0,NULL
0,0.00000000000000000,717806,,,isForeignKey,FIELD,The number and percent of records that have a value in the MEASUREMENT_CONCEPT_ID field in the MEASUREMENT table that does not exist in the CONCEPT table.,MEASUREMENT,MEASUREMENT_CONCEPT_ID,NA,NA,is_foreign_key.sql,Conformance,Relational,Verification,,,field_isforeignkey_measurement_measurement_concept_id,0,0,0,1,NULL,0,NULL
0,0.00000000000000000,717806,,,isForeignKey,FIELD,The number and percent of records that have a value in the MEASUREMENT_SOURCE_CONCEPT_ID field in the MEASUREMENT table that does not exist in the CONCEPT table.,MEASUREMENT,MEASUREMENT_SOURCE_CONCEPT_ID,NA,NA,is_foreign_key.sql,Conformance,Relational,Verification,,,field_isforeignkey_measurement_measurement_source_concept_id,0,0,0,1,NULL,0,NULL
0,0.00000000000000000,717806,,,isForeignKey,FIELD,The number and percent of records that have a value in the MEASUREMENT_TYPE_CONCEPT_ID field in the MEASUREMENT table that does not exist in the CONCEPT table.,MEASUREMENT,MEASUREMENT_TYPE_CONCEPT_ID,NA,NA,is_foreign_key.sql,Conformance,Relational,Verification,,,field_isforeignkey_measurement_measurement_type_concept_id,0,0,0,1,NULL,0,NULL
0,0.00000000000000000,717806,,,isForeignKey,FIELD,The number and percent of records that have a value in the OPERATOR_CONCEPT_ID field in the MEASUREMENT table that does not exist in the CONCEPT table.,MEASUREMENT,OPERATOR_CONCEPT_ID,NA,NA,is_foreign_key.sql,Conformance,Relational,Verification,,,field_isforeignkey_measurement_operator_concept_id,0,0,0,1,NULL,0,NULL
0,0.00000000000000000,717806,,,isForeignKey,FIELD,The number and percent of records that have a value in the PERSON_ID field in the MEASUREMENT table that does not exist in the person table.,MEASUREMENT,PERSON_ID,NA,NA,is_foreign_key.sql,Conformance,Relational,Verification,,,field_isforeignkey_measurement_person_id,0,0,0,1,NULL,0,NULL
0,0.00000000000000000,717806,,,isForeignKey,FIELD,The number and percent of records that have a value in the UNIT_CONCEPT_ID field in the MEASUREMENT table that does not exist in the CONCEPT table.,MEASUREMENT,UNIT_CONCEPT_ID,NA,NA,is_foreign_key.sql,Conformance,Relational,Verification,,,field_isforeignkey_measurement_unit_concept_id,0,0,0,1,NULL,0,NULL
0,0.00000000000000000,717806,,,isForeignKey,FIELD,The number and percent of records that have a value in the UNIT_SOURCE_CONCEPT_ID field in the MEASUREMENT table that does not exist in the CONCEPT table.,MEASUREMENT,UNIT_SOURCE_CONCEPT_ID,NA,NA,is_foreign_key.sql,Conformance,Relational,Verification,,,field_isforeignkey_measurement_unit_source_concept_id,0,0,0,1,NULL,0,NULL
0,0.00000000000000000,717806,,,isForeignKey,FIELD,The number and percent of records that have a value in the VALUE_AS_CONCEPT_ID field in the MEASUREMENT table that does not exist in the CONCEPT table.,MEASUREMENT,VALUE_AS_CONCEPT_ID,NA,NA,is_foreign_key.sql,Conformance,Relational,Verification,,,field_isforeignkey_measurement_value_as_concept_id,0,0,0,1,NULL,0,NULL
0,0.00000000000000000,404546,,,isForeignKey,FIELD,The number and percent of records that have a value in the OBS_EVENT_FIELD_CONCEPT_ID field in the OBSERVATION table that does not exist in the CONCEPT table.,OBSERVATION,OBS_EVENT_FIELD_CONCEPT_ID,NA,NA,is_foreign_key.sql,Conformance,Relational,Verification,,,field_isforeignkey_observation_obs_event_field_concept_id,0,0,0,1,NULL,0,NULL
0,0.00000000000000000,404546,,,isForeignKey,FIELD,The number and percent of records that have a value in the OBSERVATION_SOURCE_CONCEPT_ID field in the OBSERVATION table that does not exist in the CONCEPT table.,OBSERVATION,OBSERVATION_SOURCE_CONCEPT_ID,NA,NA,is_foreign_key.sql,Conformance,Relational,Verification,,,field_isforeignkey_observation_observation_source_concept_id,0,0,0,1,NULL,0,NULL
0,0.00000000000000000,404546,,,isForeignKey,FIELD,The number and percent of records that have a value in the OBSERVATION_TYPE_CONCEPT_ID field in the OBSERVATION table that does not exist in the CONCEPT table.,OBSERVATION,OBSERVATION_TYPE_CONCEPT_ID,NA,NA,is_foreign_key.sql,Conformance,Relational,Verification,,,field_isforeignkey_observation_observation_type_concept_id,0,0,0,1,NULL,0,NULL
0,0.00000000000000000,404546,,,isForeignKey,FIELD,The number and percent of records that have a value in the PERSON_ID field in the OBSERVATION table that does not exist in the person table.,OBSERVATION,PERSON_ID,NA,NA,is_foreign_key.sql,Conformance,Relational,Verification,,,field_isforeignkey_observation_person_id,0,0,0,1,NULL,0,NULL
0,0.00000000000000000,404546,,,isForeignKey,FIELD,The number and percent of records that have a value in the PROVIDER_ID field in the OBSERVATION table that does not exist in the PROVIDER table.,OBSERVATION,PROVIDER_ID,NA,NA,is_foreign_key.sql,Conformance,Relational,Verification,,,field_isforeignkey_observation_provider_id,0,0,0,1,NULL,0,NULL
0,0.00000000000000000,404546,,,isForeignKey,FIELD,The number and percent of records that have a value in the UNIT_CONCEPT_ID field in the OBSERVATION table that does not exist in the CONCEPT table.,OBSERVATION,UNIT_CONCEPT_ID,NA,NA,is_foreign_key.sql,Conformance,Relational,Verification,,,field_isforeignkey_observation_unit_concept_id,0,0,0,1,NULL,0,NULL
0,0.00000000000000000,404546,,,isForeignKey,FIELD,The number and percent of records that have a value in the VALUE_AS_CONCEPT_ID field in the OBSERVATION table that does not exist in the CONCEPT table.,OBSERVATION,VALUE_AS_CONCEPT_ID,NA,NA,is_foreign_key.sql,Conformance,Relational,Verification,,,field_isforeignkey_observation_value_as_concept_id,0,0,0,1,NULL,0,NULL
0,0.00000000000000000,404546,,,isForeignKey,FIELD,The number and percent of records that have a value in the VISIT_OCCURRENCE_ID field in the OBSERVATION table that does not exist in the VISIT_OCCURRENCE table.,OBSERVATION,VISIT_OCCURRENCE_ID,NA,NA,is_foreign_key.sql,Conformance,Relational,Verification,,,field_isforeignkey_observation_visit_occurrence_id,0,0,0,1,NULL,0,NULL
0,0.00000000000000000,1160,,,isForeignKey,FIELD,The number and percent of records that have a value in the PERIOD_TYPE_CONCEPT_ID field in the OBSERVATION_PERIOD table that does not exist in the CONCEPT table.,OBSERVATION_PERIOD,PERIOD_TYPE_CONCEPT_ID,NA,NA,is_foreign_key.sql,Conformance,Relational,Verification,,,field_isforeignkey_observation_period_period_type_concept_id,0,0,0,1,NULL,0,NULL
0,0.00000000000000000,1160,,,isForeignKey,FIELD,The number and percent of records that have a value in the PERSON_ID field in the OBSERVATION_PERIOD table that does not exist in the person table.,OBSERVATION_PERIOD,PERSON_ID,NA,NA,is_foreign_key.sql,Conformance,Relational,Verification,,,field_isforeignkey_observation_period_person_id,0,0,0,1,NULL,0,NULL
0,0.00000000000000000,11284,,,isForeignKey,FIELD,The number and percent of records that have a value in the PAYER_CONCEPT_ID field in the PAYER_PLAN_PERIOD table that does not exist in the CONCEPT table.,PAYER_PLAN_PERIOD,PAYER_CONCEPT_ID,NA,NA,is_foreign_key.sql,Conformance,Relational,Verification,,,field_isforeignkey_payer_plan_period_payer_concept_id,0,0,0,1,NULL,0,NULL
0,0.00000000000000000,11284,,,isForeignKey,FIELD,The number and percent of records that have a value in the PERSON_ID field in the PAYER_PLAN_PERIOD table that does not exist in the person table.,PAYER_PLAN_PERIOD,PERSON_ID,NA,NA,is_foreign_key.sql,Conformance,Relational,Verification,,,field_isforeignkey_payer_plan_period_person_id,0,0,0,1,NULL,0,NULL
0,0.00000000000000000,11284,,,isForeignKey,FIELD,The number and percent of records that have a value in the PLAN_SOURCE_CONCEPT_ID field in the PAYER_PLAN_PERIOD table that does not exist in the CONCEPT table.,PAYER_PLAN_PERIOD,PLAN_SOURCE_CONCEPT_ID,NA,NA,is_foreign_key.sql,Conformance,Relational,Verification,,,field_isforeignkey_payer_plan_period_plan_source_concept_id,0,0,0,1,NULL,0,NULL
0,0.00000000000000000,11284,,,isForeignKey,FIELD,The number and percent of records that have a value in the SPONSOR_CONCEPT_ID field in the PAYER_PLAN_PERIOD table that does not exist in the CONCEPT table.,PAYER_PLAN_PERIOD,SPONSOR_CONCEPT_ID,NA,NA,is_foreign_key.sql,Conformance,Relational,Verification,,,field_isforeignkey_payer_plan_period_sponsor_concept_id,0,0,0,1,NULL,0,NULL
0,0.00000000000000000,11284,,,isForeignKey,FIELD,The number and percent of records that have a value in the STOP_REASON_CONCEPT_ID field in the PAYER_PLAN_PERIOD table that does not exist in the CONCEPT table.,PAYER_PLAN_PERIOD,STOP_REASON_CONCEPT_ID,NA,NA,is_foreign_key.sql,Conformance,Relational,Verification,,,field_isforeignkey_payer_plan_period_stop_reason_concept_id,0,0,0,1,NULL,0,NULL
0,0.00000000000000000,11284,,,isForeignKey,FIELD,The number and percent of records that have a value in the STOP_REASON_SOURCE_CONCEPT_ID field in the PAYER_PLAN_PERIOD table that does not exist in the CONCEPT table.,PAYER_PLAN_PERIOD,STOP_REASON_SOURCE_CONCEPT_ID,NA,NA,is_foreign_key.sql,Conformance,Relational,Verification,,,field_isforeignkey_payer_plan_period_stop_reason_source_concept_id,0,0,0,1,NULL,0,NULL
0,0.00000000000000000,1160,,,isForeignKey,FIELD,The number and percent of records that have a value in the CARE_SITE_ID field in the person table that does not exist in the CARE_SITE table.,person,CARE_SITE_ID,NA,NA,is_foreign_key.sql,Conformance,Relational,Verification,,,field_isforeignkey_person_care_site_id,0,0,0,1,NULL,0,NULL
0,0.00000000000000000,1160,,,isForeignKey,FIELD,The number and percent of records that have a value in the ETHNICITY_CONCEPT_ID field in the person table that does not exist in the CONCEPT table.,person,ETHNICITY_CONCEPT_ID,NA,NA,is_foreign_key.sql,Conformance,Relational,Verification,,,field_isforeignkey_person_ethnicity_concept_id,0,0,0,1,NULL,0,NULL
0,0.00000000000000000,1160,,,isForeignKey,FIELD,The number and percent of records that have a value in the ETHNICITY_SOURCE_CONCEPT_ID field in the person table that does not exist in the CONCEPT table.,person,ETHNICITY_SOURCE_CONCEPT_ID,NA,NA,is_foreign_key.sql,Conformance,Relational,Verification,,,field_isforeignkey_person_ethnicity_source_concept_id,0,0,0,1,NULL,0,NULL
0,0.00000000000000000,1160,,,isForeignKey,FIELD,The number and percent of records that have a value in the GENDER_CONCEPT_ID field in the person table that does not exist in the CONCEPT table.,person,GENDER_CONCEPT_ID,NA,NA,is_foreign_key.sql,Conformance,Relational,Verification,,,field_isforeignkey_person_gender_concept_id,0,0,0,1,NULL,0,NULL
0,0.00000000000000000,1160,,,isForeignKey,FIELD,The number and percent of records that have a value in the GENDER_SOURCE_CONCEPT_ID field in the person table that does not exist in the CONCEPT table.,person,GENDER_SOURCE_CONCEPT_ID,NA,NA,is_foreign_key.sql,Conformance,Relational,Verification,,,field_isforeignkey_person_gender_source_concept_id,0,0,0,1,NULL,0,NULL
0,0.00000000000000000,1160,,,isForeignKey,FIELD,The number and percent of records that have a value in the LOCATION_ID field in the person table that does not exist in the LOCATION table.,person,LOCATION_ID,NA,NA,is_foreign_key.sql,Conformance,Relational,Verification,,,field_isforeignkey_person_location_id,0,0,0,1,NULL,0,NULL
0,0.00000000000000000,1160,,,isForeignKey,FIELD,The number and percent of records that have a value in the PROVIDER_ID field in the person table that does not exist in the PROVIDER table.,person,PROVIDER_ID,NA,NA,is_foreign_key.sql,Conformance,Relational,Verification,,,field_isforeignkey_person_provider_id,0,0,0,1,NULL,0,NULL
0,0.00000000000000000,1160,,,isForeignKey,FIELD,The number and percent of records that have a value in the RACE_CONCEPT_ID field in the person table that does not exist in the CONCEPT table.,person,RACE_CONCEPT_ID,NA,NA,is_foreign_key.sql,Conformance,Relational,Verification,,,field_isforeignkey_person_race_concept_id,0,0,0,1,NULL,0,NULL
0,0.00000000000000000,93140,,,isForeignKey,FIELD,The number and percent of records that have a value in the PERSON_ID field in the PROCEDURE_OCCURRENCE table that does not exist in the person table.,PROCEDURE_OCCURRENCE,PERSON_ID,NA,NA,is_foreign_key.sql,Conformance,Relational,Verification,,,field_isforeignkey_procedure_occurrence_person_id,0,0,0,1,NULL,0,NULL
0,0.00000000000000000,93140,,,isForeignKey,FIELD,The number and percent of records that have a value in the PROCEDURE_CONCEPT_ID field in the PROCEDURE_OCCURRENCE table that does not exist in the CONCEPT table.,PROCEDURE_OCCURRENCE,PROCEDURE_CONCEPT_ID,NA,NA,is_foreign_key.sql,Conformance,Relational,Verification,,,field_isforeignkey_procedure_occurrence_procedure_concept_id,0,0,0,1,NULL,0,NULL
0,0.00000000000000000,93140,,,isForeignKey,FIELD,The number and percent of records that have a value in the PROCEDURE_TYPE_CONCEPT_ID field in the PROCEDURE_OCCURRENCE table that does not exist in the CONCEPT table.,PROCEDURE_OCCURRENCE,PROCEDURE_TYPE_CONCEPT_ID,NA,NA,is_foreign_key.sql,Conformance,Relational,Verification,,,field_isforeignkey_procedure_occurrence_procedure_type_concept_id,0,0,0,1,NULL,0,NULL
0,0.00000000000000000,93140,,,isForeignKey,FIELD,The number and percent of records that have a value in the PROVIDER_ID field in the PROCEDURE_OCCURRENCE table that does not exist in the PROVIDER table.,PROCEDURE_OCCURRENCE,PROVIDER_ID,NA,NA,is_foreign_key.sql,Conformance,Relational,Verification,,,field_isforeignkey_procedure_occurrence_provider_id,0,0,0,1,NULL,0,NULL
0,0.00000000000000000,93140,,,isForeignKey,FIELD,The number and percent of records that have a value in the VISIT_DETAIL_ID field in the PROCEDURE_OCCURRENCE table that does not exist in the VISIT_DETAIL table.,PROCEDURE_OCCURRENCE,VISIT_DETAIL_ID,NA,NA,is_foreign_key.sql,Conformance,Relational,Verification,,,field_isforeignkey_procedure_occurrence_visit_detail_id,0,0,0,1,NULL,0,NULL
0,0.00000000000000000,93140,,,isForeignKey,FIELD,The number and percent of records that have a value in the VISIT_OCCURRENCE_ID field in the PROCEDURE_OCCURRENCE table that does not exist in the VISIT_OCCURRENCE table.,PROCEDURE_OCCURRENCE,VISIT_OCCURRENCE_ID,NA,NA,is_foreign_key.sql,Conformance,Relational,Verification,,,field_isforeignkey_procedure_occurrence_visit_occurrence_id,0,0,0,1,NULL,0,NULL
0,0.00000000000000000,810,,,isForeignKey,FIELD,The number and percent of records that have a value in the CARE_SITE_ID field in the PROVIDER table that does not exist in the CARE_SITE table.,PROVIDER,CARE_SITE_ID,NA,NA,is_foreign_key.sql,Conformance,Relational,Verification,,,field_isforeignkey_provider_care_site_id,0,0,0,1,NULL,0,NULL
0,0.00000000000000000,810,,,isForeignKey,FIELD,The number and percent of records that have a value in the GENDER_CONCEPT_ID field in the PROVIDER table that does not exist in the CONCEPT table.,PROVIDER,GENDER_CONCEPT_ID,NA,NA,is_foreign_key.sql,Conformance,Relational,Verification,,,field_isforeignkey_provider_gender_concept_id,0,0,0,1,NULL,0,NULL
0,0.00000000000000000,810,,,isForeignKey,FIELD,The number and percent of records that have a value in the GENDER_SOURCE_CONCEPT_ID field in the PROVIDER table that does not exist in the CONCEPT table.,PROVIDER,GENDER_SOURCE_CONCEPT_ID,NA,NA,is_foreign_key.sql,Conformance,Relational,Verification,,,field_isforeignkey_provider_gender_source_concept_id,0,0,0,1,NULL,0,NULL
0,0.00000000000000000,810,,,isForeignKey,FIELD,The number and percent of records that have a value in the SPECIALTY_SOURCE_CONCEPT_ID field in the PROVIDER table that does not exist in the CONCEPT table.,PROVIDER,SPECIALTY_SOURCE_CONCEPT_ID,NA,NA,is_foreign_key.sql,Conformance,Relational,Verification,,,field_isforeignkey_provider_specialty_source_concept_id,0,0,0,1,NULL,0,NULL
0,0.00000000000000000,87109,,,isForeignKey,FIELD,The number and percent of records that have a value in the CARE_SITE_ID field in the VISIT_DETAIL table that does not exist in the CARE_SITE table.,VISIT_DETAIL,CARE_SITE_ID,NA,NA,is_foreign_key.sql,Conformance,Relational,Verification,,,field_isforeignkey_visit_detail_care_site_id,0,0,0,1,NULL,0,NULL
0,0.00000000000000000,87109,,,isForeignKey,FIELD,The number and percent of records that have a value in the DISCHARGED_TO_CONCEPT_ID field in the VISIT_DETAIL table that does not exist in the CONCEPT table.,VISIT_DETAIL,DISCHARGED_TO_CONCEPT_ID,NA,NA,is_foreign_key.sql,Conformance,Relational,Verification,,,field_isforeignkey_visit_detail_discharged_to_concept_id,0,0,0,1,NULL,0,NULL
0,0.00000000000000000,87109,,,isForeignKey,FIELD,The number and percent of records that have a value in the PRECEDING_VISIT_DETAIL_ID field in the VISIT_DETAIL table that does not exist in the VISIT_DETAIL table.,VISIT_DETAIL,PRECEDING_VISIT_DETAIL_ID,NA,NA,is_foreign_key.sql,Conformance,Relational,Verification,,,field_isforeignkey_visit_detail_preceding_visit_detail_id,0,0,0,1,NULL,0,NULL
0,0.00000000000000000,87109,,,isForeignKey,FIELD,The number and percent of records that have a value in the PROVIDER_ID field in the VISIT_DETAIL table that does not exist in the PROVIDER table.,VISIT_DETAIL,PROVIDER_ID,NA,NA,is_foreign_key.sql,Conformance,Relational,Verification,,,field_isforeignkey_visit_detail_provider_id,0,0,0,1,NULL,0,NULL
0,0.00000000000000000,87109,,,isForeignKey,FIELD,The number and percent of records that have a value in the VISIT_DETAIL_CONCEPT_ID field in the VISIT_DETAIL table that does not exist in the CONCEPT table.,VISIT_DETAIL,VISIT_DETAIL_CONCEPT_ID,NA,NA,is_foreign_key.sql,Conformance,Relational,Verification,,,field_isforeignkey_visit_detail_visit_detail_concept_id,0,0,0,1,NULL,0,NULL
0,0.00000000000000000,87109,,,isForeignKey,FIELD,The number and percent of records that have a value in the VISIT_DETAIL_SOURCE_CONCEPT_ID field in the VISIT_DETAIL table that does not exist in the CONCEPT table.,VISIT_DETAIL,VISIT_DETAIL_SOURCE_CONCEPT_ID,NA,NA,is_foreign_key.sql,Conformance,Relational,Verification,,,field_isforeignkey_visit_detail_visit_detail_source_concept_id,0,0,0,1,NULL,0,NULL
0,0.00000000000000000,87109,,,isForeignKey,FIELD,The number and percent of records that have a value in the VISIT_DETAIL_TYPE_CONCEPT_ID field in the VISIT_DETAIL table that does not exist in the CONCEPT table.,VISIT_DETAIL,VISIT_DETAIL_TYPE_CONCEPT_ID,NA,NA,is_foreign_key.sql,Conformance,Relational,Verification,,,field_isforeignkey_visit_detail_visit_detail_type_concept_id,0,0,0,1,NULL,0,NULL
0,0.00000000000000000,87109,,,isForeignKey,FIELD,The number and percent of records that have a value in the CARE_SITE_ID field in the VISIT_OCCURRENCE table that does not exist in the CARE_SITE table.,VISIT_OCCURRENCE,CARE_SITE_ID,NA,NA,is_foreign_key.sql,Conformance,Relational,Verification,,,field_isforeignkey_visit_occurrence_care_site_id,0,0,0,1,NULL,0,NULL
0,0.00000000000000000,87109,,,isForeignKey,FIELD,The number and percent of records that have a value in the DISCHARGED_TO_CONCEPT_ID field in the VISIT_OCCURRENCE table that does not exist in the CONCEPT table.,VISIT_OCCURRENCE,DISCHARGED_TO_CONCEPT_ID,NA,NA,is_foreign_key.sql,Conformance,Relational,Verification,,,field_isforeignkey_visit_occurrence_discharged_to_concept_id,0,0,0,1,NULL,0,NULL
0,0.00000000000000000,87109,,,isForeignKey,FIELD,The number and percent of records that have a value in the PERSON_ID field in the VISIT_OCCURRENCE table that does not exist in the person table.,VISIT_OCCURRENCE,PERSON_ID,NA,NA,is_foreign_key.sql,Conformance,Relational,Verification,,,field_isforeignkey_visit_occurrence_person_id,0,0,0,1,NULL,0,NULL
0,0.00000000000000000,87109,,,isForeignKey,FIELD,The number and percent of records that have a value in the PRECEDING_VISIT_OCCURRENCE_ID field in the VISIT_OCCURRENCE table that does not exist in the VISIT_OCCURRENCE table.,VISIT_OCCURRENCE,PRECEDING_VISIT_OCCURRENCE_ID,NA,NA,is_foreign_key.sql,Conformance,Relational,Verification,,,field_isforeignkey_visit_occurrence_preceding_visit_occurrence_id,0,0,0,1,NULL,0,NULL
0,0.00000000000000000,87109,,,isForeignKey,FIELD,The number and percent of records that have a value in the PROVIDER_ID field in the VISIT_OCCURRENCE table that does not exist in the PROVIDER table.,VISIT_OCCURRENCE,PROVIDER_ID,NA,NA,is_foreign_key.sql,Conformance,Relational,Verification,,,field_isforeignkey_visit_occurrence_provider_id,0,0,0,1,NULL,0,NULL
0,0.00000000000000000,87109,,,isForeignKey,FIELD,The number and percent of records that have a value in the VISIT_CONCEPT_ID field in the VISIT_OCCURRENCE table that does not exist in the CONCEPT table.,VISIT_OCCURRENCE,VISIT_CONCEPT_ID,NA,NA,is_foreign_key.sql,Conformance,Relational,Verification,,,field_isforeignkey_visit_occurrence_visit_concept_id,0,0,0,1,NULL,0,NULL
0,0.00000000000000000,87109,,,isForeignKey,FIELD,The number and percent of records that have a value in the VISIT_SOURCE_CONCEPT_ID field in the VISIT_OCCURRENCE table that does not exist in the CONCEPT table.,VISIT_OCCURRENCE,VISIT_SOURCE_CONCEPT_ID,NA,NA,is_foreign_key.sql,Conformance,Relational,Verification,,,field_isforeignkey_visit_occurrence_visit_source_concept_id,0,0,0,1,NULL,0,NULL
0,0.00000000000000000,87109,,,isForeignKey,FIELD,The number and percent of records that have a value in the VISIT_TYPE_CONCEPT_ID field in the VISIT_OCCURRENCE table that does not exist in the CONCEPT table.,VISIT_OCCURRENCE,VISIT_TYPE_CONCEPT_ID,NA,NA,is_foreign_key.sql,Conformance,Relational,Verification,,,field_isforeignkey_visit_occurrence_visit_type_concept_id,0,0,0,1,NULL,0,NULL
0,0.00000000000000000,1,,,isForeignKey,FIELD,The number and percent of records that have a value in the CDM_VERSION_CONCEPT_ID field in the CDM_SOURCE table that does not exist in the CONCEPT table.,CDM_SOURCE,CDM_VERSION_CONCEPT_ID,NA,NA,is_foreign_key.sql,Conformance,Relational,Verification,,,field_isforeignkey_cdm_source_cdm_version_concept_id,0,0,0,1,NULL,0,NULL
0,0.00000000000000000,9110552,,,isForeignKey,FIELD,The number and percent of records that have a value in the CONCEPT_CLASS_ID field in the CONCEPT table that does not exist in the CONCEPT_CLASS table.,CONCEPT,CONCEPT_CLASS_ID,NA,NA,is_foreign_key.sql,Conformance,Relational,Verification,,,field_isforeignkey_concept_concept_class_id,0,0,0,1,NULL,0,NULL
0,0.00000000000000000,22399,,,isForeignKey,FIELD,The number and percent of records that have a value in the PROVIDER_ID field in the CONDITION_OCCURRENCE table that does not exist in the PROVIDER table.,CONDITION_OCCURRENCE,PROVIDER_ID,NA,NA,is_foreign_key.sql,Conformance,Relational,Verification,,,field_isforeignkey_condition_occurrence_provider_id,0,0,0,1,NULL,0,NULL
0,0.00000000000000000,223619,,,isForeignKey,FIELD,The number and percent of records that have a value in the COST_DOMAIN_ID field in the COST table that does not exist in the DOMAIN table.,COST,COST_DOMAIN_ID,NA,NA,is_foreign_key.sql,Conformance,Relational,Verification,,,field_isforeignkey_cost_cost_domain_id,0,0,0,1,NULL,0,NULL
0,0.00000000000000000,148,,,isForeignKey,FIELD,The number and percent of records that have a value in the PERSON_ID field in the DEATH table that does not exist in the person table.,DEATH,PERSON_ID,NA,NA,is_foreign_key.sql,Conformance,Relational,Verification,,,field_isforeignkey_death_person_id,0,0,0,1,NULL,0,NULL
0,0.00000000000000000,124492,,,isForeignKey,FIELD,The number and percent of records that have a value in the VISIT_DETAIL_ID field in the DRUG_EXPOSURE table that does not exist in the VISIT_DETAIL table.,DRUG_EXPOSURE,VISIT_DETAIL_ID,NA,NA,is_foreign_key.sql,Conformance,Relational,Verification,,,field_isforeignkey_drug_exposure_visit_detail_id,0,0,0,1,NULL,0,NULL
0,0.00000000000000000,2976841,,,isForeignKey,FIELD,The number and percent of records that have a value in the NUMERATOR_UNIT_CONCEPT_ID field in the DRUG_STRENGTH table that does not exist in the CONCEPT table.,DRUG_STRENGTH,NUMERATOR_UNIT_CONCEPT_ID,NA,NA,is_foreign_key.sql,Conformance,Relational,Verification,,,field_isforeignkey_drug_strength_numerator_unit_concept_id,0,0,0,1,NULL,0,NULL
0,0.00000000000000000,717806,,,isForeignKey,FIELD,The number and percent of records that have a value in the VISIT_DETAIL_ID field in the MEASUREMENT table that does not exist in the VISIT_DETAIL table.,MEASUREMENT,VISIT_DETAIL_ID,NA,NA,is_foreign_key.sql,Conformance,Relational,Verification,,,field_isforeignkey_measurement_visit_detail_id,0,0,0,1,NULL,0,NULL
0,0.00000000000000000,11284,,,isForeignKey,FIELD,The number and percent of records that have a value in the PLAN_CONCEPT_ID field in the PAYER_PLAN_PERIOD table that does not exist in the CONCEPT table.,PAYER_PLAN_PERIOD,PLAN_CONCEPT_ID,NA,NA,is_foreign_key.sql,Conformance,Relational,Verification,,,field_isforeignkey_payer_plan_period_plan_concept_id,0,0,0,1,NULL,0,NULL
0,0.00000000000000000,87109,,,isForeignKey,FIELD,The number and percent of records that have a value in the ADMITTED_FROM_CONCEPT_ID field in the VISIT_DETAIL table that does not exist in the CONCEPT table.,VISIT_DETAIL,ADMITTED_FROM_CONCEPT_ID,NA,NA,is_foreign_key.sql,Conformance,Relational,Verification,,,field_isforeignkey_visit_detail_admitted_from_concept_id,0,0,0,1,NULL,0,NULL
0,0.00000000000000000,87109,,,isForeignKey,FIELD,The number and percent of records that have a value in the PARENT_VISIT_DETAIL_ID field in the VISIT_DETAIL table that does not exist in the VISIT_DETAIL table.,VISIT_DETAIL,PARENT_VISIT_DETAIL_ID,NA,NA,is_foreign_key.sql,Conformance,Relational,Verification,,,field_isforeignkey_visit_detail_parent_visit_detail_id,0,0,0,1,NULL,0,NULL
0,0.00000000000000000,87109,,,isForeignKey,FIELD,The number and percent of records that have a value in the PERSON_ID field in the VISIT_DETAIL table that does not exist in the person table.,VISIT_DETAIL,PERSON_ID,NA,NA,is_foreign_key.sql,Conformance,Relational,Verification,,,field_isforeignkey_visit_detail_person_id,0,0,0,1,NULL,0,NULL
0,0.00000000000000000,87109,,,isForeignKey,FIELD,The number and percent of records that have a value in the ADMITTED_FROM_CONCEPT_ID field in the VISIT_OCCURRENCE table that does not exist in the CONCEPT table.,VISIT_OCCURRENCE,ADMITTED_FROM_CONCEPT_ID,NA,NA,is_foreign_key.sql,Conformance,Relational,Verification,,,field_isforeignkey_visit_occurrence_admitted_from_concept_id,0,0,0,1,NULL,0,NULL
0,0.00000000000000000,121,,,isForeignKey,FIELD,The number and percent of records that have a value in the VOCABULARY_CONCEPT_ID field in the VOCABULARY table that does not exist in the CONCEPT table.,VOCABULARY,VOCABULARY_CONCEPT_ID,NA,NA,is_foreign_key.sql,Conformance,Relational,Verification,,,field_isforeignkey_vocabulary_vocabulary_concept_id,0,0,0,1,NULL,0,NULL
0,0.00000000000000000,22399,,,isForeignKey,FIELD,The number and percent of records that have a value in the CONDITION_STATUS_CONCEPT_ID field in the CONDITION_OCCURRENCE table that does not exist in the CONCEPT table.,CONDITION_OCCURRENCE,CONDITION_STATUS_CONCEPT_ID,NA,NA,is_foreign_key.sql,Conformance,Relational,Verification,,,field_isforeignkey_condition_occurrence_condition_status_concept_id,0,0,0,1,NULL,0,NULL
0,0.00000000000000000,22399,,,isForeignKey,FIELD,The number and percent of records that have a value in the CONDITION_TYPE_CONCEPT_ID field in the CONDITION_OCCURRENCE table that does not exist in the CONCEPT table.,CONDITION_OCCURRENCE,CONDITION_TYPE_CONCEPT_ID,NA,NA,is_foreign_key.sql,Conformance,Relational,Verification,,,field_isforeignkey_condition_occurrence_condition_type_concept_id,0,0,0,1,NULL,0,NULL
0,0.00000000000000000,22399,,,isForeignKey,FIELD,The number and percent of records that have a value in the PERSON_ID field in the CONDITION_OCCURRENCE table that does not exist in the person table.,CONDITION_OCCURRENCE,PERSON_ID,NA,NA,is_foreign_key.sql,Conformance,Relational,Verification,,,field_isforeignkey_condition_occurrence_person_id,0,0,0,1,NULL,0,NULL
0,0.00000000000000000,223619,,,isForeignKey,FIELD,The number and percent of records that have a value in the DRG_CONCEPT_ID field in the COST table that does not exist in the CONCEPT table.,COST,DRG_CONCEPT_ID,NA,NA,is_foreign_key.sql,Conformance,Relational,Verification,,,field_isforeignkey_cost_drg_concept_id,0,0,0,1,NULL,0,NULL
0,0.00000000000000000,2237,,,isForeignKey,FIELD,The number and percent of records that have a value in the VISIT_DETAIL_ID field in the DEVICE_EXPOSURE table that does not exist in the VISIT_DETAIL table.,DEVICE_EXPOSURE,VISIT_DETAIL_ID,NA,NA,is_foreign_key.sql,Conformance,Relational,Verification,,,field_isforeignkey_device_exposure_visit_detail_id,0,0,0,1,NULL,0,NULL
0,0.00000000000000000,124492,,,isForeignKey,FIELD,The number and percent of records that have a value in the PERSON_ID field in the DRUG_EXPOSURE table that does not exist in the person table.,DRUG_EXPOSURE,PERSON_ID,NA,NA,is_foreign_key.sql,Conformance,Relational,Verification,,,field_isforeignkey_drug_exposure_person_id,0,0,0,1,NULL,0,NULL
0,0.00000000000000000,717806,,,isForeignKey,FIELD,The number and percent of records that have a value in the VISIT_OCCURRENCE_ID field in the MEASUREMENT table that does not exist in the VISIT_OCCURRENCE table.,MEASUREMENT,VISIT_OCCURRENCE_ID,NA,NA,is_foreign_key.sql,Conformance,Relational,Verification,,,field_isforeignkey_measurement_visit_occurrence_id,0,0,0,1,NULL,0,NULL
0,0.00000000000000000,11284,,,isForeignKey,FIELD,The number and percent of records that have a value in the SPONSOR_SOURCE_CONCEPT_ID field in the PAYER_PLAN_PERIOD table that does not exist in the CONCEPT table.,PAYER_PLAN_PERIOD,SPONSOR_SOURCE_CONCEPT_ID,NA,NA,is_foreign_key.sql,Conformance,Relational,Verification,,,field_isforeignkey_payer_plan_period_sponsor_source_concept_id,0,0,0,1,NULL,0,NULL
0,0.00000000000000000,87109,,,isForeignKey,FIELD,The number and percent of records that have a value in the VISIT_OCCURRENCE_ID field in the VISIT_DETAIL table that does not exist in the VISIT_OCCURRENCE table.,VISIT_DETAIL,VISIT_OCCURRENCE_ID,NA,NA,is_foreign_key.sql,Conformance,Relational,Verification,,,field_isforeignkey_visit_detail_visit_occurrence_id,0,0,0,1,NULL,0,NULL
0,0.00000000000000000,21585,,,isForeignKey,FIELD,The number and percent of records that have a value in the CONDITION_CONCEPT_ID field in the CONDITION_ERA table that does not exist in the CONCEPT table.,CONDITION_ERA,CONDITION_CONCEPT_ID,NA,NA,is_foreign_key.sql,Conformance,Relational,Verification,,,field_isforeignkey_condition_era_condition_concept_id,0,0,0,1,NULL,0,NULL
0,0.00000000000000000,2237,,,isForeignKey,FIELD,The number and percent of records that have a value in the UNIT_CONCEPT_ID field in the DEVICE_EXPOSURE table that does not exist in the CONCEPT table.,DEVICE_EXPOSURE,UNIT_CONCEPT_ID,NA,NA,is_foreign_key.sql,Conformance,Relational,Verification,,,field_isforeignkey_device_exposure_unit_concept_id,0,0,0,1,NULL,0,NULL
0,0.00000000000000000,124492,,,isForeignKey,FIELD,The number and percent of records that have a value in the DRUG_TYPE_CONCEPT_ID field in the DRUG_EXPOSURE table that does not exist in the CONCEPT table.,DRUG_EXPOSURE,DRUG_TYPE_CONCEPT_ID,NA,NA,is_foreign_key.sql,Conformance,Relational,Verification,,,field_isforeignkey_drug_exposure_drug_type_concept_id,0,0,0,1,NULL,0,NULL
0,0.00000000000000000,717806,,,isForeignKey,FIELD,The number and percent of records that have a value in the PROVIDER_ID field in the MEASUREMENT table that does not exist in the PROVIDER table.,MEASUREMENT,PROVIDER_ID,NA,NA,is_foreign_key.sql,Conformance,Relational,Verification,,,field_isforeignkey_measurement_provider_id,0,0,0,1,NULL,0,NULL
0,0.00000000000000000,404546,,,isForeignKey,FIELD,The number and percent of records that have a value in the QUALIFIER_CONCEPT_ID field in the OBSERVATION table that does not exist in the CONCEPT table.,OBSERVATION,QUALIFIER_CONCEPT_ID,NA,NA,is_foreign_key.sql,Conformance,Relational,Verification,,,field_isforeignkey_observation_qualifier_concept_id,0,0,0,1,NULL,0,NULL
0,0.00000000000000000,404546,,,isForeignKey,FIELD,The number and percent of records that have a value in the VISIT_DETAIL_ID field in the OBSERVATION table that does not exist in the VISIT_DETAIL table.,OBSERVATION,VISIT_DETAIL_ID,NA,NA,is_foreign_key.sql,Conformance,Relational,Verification,,,field_isforeignkey_observation_visit_detail_id,0,0,0,1,NULL,0,NULL
0,0.00000000000000000,11284,,,isForeignKey,FIELD,The number and percent of records that have a value in the PAYER_SOURCE_CONCEPT_ID field in the PAYER_PLAN_PERIOD table that does not exist in the CONCEPT table.,PAYER_PLAN_PERIOD,PAYER_SOURCE_CONCEPT_ID,NA,NA,is_foreign_key.sql,Conformance,Relational,Verification,,,field_isforeignkey_payer_plan_period_payer_source_concept_id,0,0,0,1,NULL,0,NULL
0,0.00000000000000000,1160,,,isForeignKey,FIELD,The number and percent of records that have a value in the RACE_SOURCE_CONCEPT_ID field in the person table that does not exist in the CONCEPT table.,person,RACE_SOURCE_CONCEPT_ID,NA,NA,is_foreign_key.sql,Conformance,Relational,Verification,,,field_isforeignkey_person_race_source_concept_id,0,0,0,1,NULL,0,NULL
0,0.00000000000000000,93140,,,isForeignKey,FIELD,The number and percent of records that have a value in the MODIFIER_CONCEPT_ID field in the PROCEDURE_OCCURRENCE table that does not exist in the CONCEPT table.,PROCEDURE_OCCURRENCE,MODIFIER_CONCEPT_ID,NA,NA,is_foreign_key.sql,Conformance,Relational,Verification,,,field_isforeignkey_procedure_occurrence_modifier_concept_id,0,0,0,1,NULL,0,NULL
0,0.00000000000000000,810,,,isForeignKey,FIELD,The number and percent of records that have a value in the SPECIALTY_CONCEPT_ID field in the PROVIDER table that does not exist in the CONCEPT table.,PROVIDER,SPECIALTY_CONCEPT_ID,NA,NA,is_foreign_key.sql,Conformance,Relational,Verification,,,field_isforeignkey_provider_specialty_concept_id,0,0,0,1,NULL,0,NULL
0,0.00000000000000000,690,,,isForeignKey,FIELD,The number and percent of records that have a value in the RELATIONSHIP_CONCEPT_ID field in the RELATIONSHIP table that does not exist in the CONCEPT table.,RELATIONSHIP,RELATIONSHIP_CONCEPT_ID,NA,NA,is_foreign_key.sql,Conformance,Relational,Verification,,,field_isforeignkey_relationship_relationship_concept_id,0,0,0,1,NULL,0,NULL
0,0.00000000000000000,9110552,,,isForeignKey,FIELD,The number and percent of records that have a value in the VOCABULARY_ID field in the CONCEPT table that does not exist in the VOCABULARY table.,CONCEPT,VOCABULARY_ID,NA,NA,is_foreign_key.sql,Conformance,Relational,Verification,,,field_isforeignkey_concept_vocabulary_id,0,0,0,1,NULL,0,NULL
0,0.00000000000000000,2237,,,isForeignKey,FIELD,The number and percent of records that have a value in the PROVIDER_ID field in the DEVICE_EXPOSURE table that does not exist in the PROVIDER table.,DEVICE_EXPOSURE,PROVIDER_ID,NA,NA,is_foreign_key.sql,Conformance,Relational,Verification,,,field_isforeignkey_device_exposure_provider_id,0,0,0,1,NULL,0,NULL
0,0.00000000000000000,93140,,,isForeignKey,FIELD,The number and percent of records that have a value in the PROCEDURE_SOURCE_CONCEPT_ID field in the PROCEDURE_OCCURRENCE table that does not exist in the CONCEPT table.,PROCEDURE_OCCURRENCE,PROCEDURE_SOURCE_CONCEPT_ID,NA,NA,is_foreign_key.sql,Conformance,Relational,Verification,,,field_isforeignkey_procedure_occurrence_procedure_source_concept_id,0,0,0,1,NULL,0,NULL
0,0.00000000000000000,2976841,,,isForeignKey,FIELD,The number and percent of records that have a value in the AMOUNT_UNIT_CONCEPT_ID field in the DRUG_STRENGTH table that does not exist in the CONCEPT table.,DRUG_STRENGTH,AMOUNT_UNIT_CONCEPT_ID,NA,NA,is_foreign_key.sql,Conformance,Relational,Verification,,,field_isforeignkey_drug_strength_amount_unit_concept_id,0,0,0,1,NULL,0,NULL
0,0.00000000000000000,2976841,,,isForeignKey,FIELD,The number and percent of records that have a value in the DRUG_CONCEPT_ID field in the DRUG_STRENGTH table that does not exist in the CONCEPT table.,DRUG_STRENGTH,DRUG_CONCEPT_ID,NA,NA,is_foreign_key.sql,Conformance,Relational,Verification,,,field_isforeignkey_drug_strength_drug_concept_id,0,0,0,1,NULL,0,NULL
0,0.00000000000000000,9110552,,,isForeignKey,FIELD,The number and percent of records that have a value in the DOMAIN_ID field in the CONCEPT table that does not exist in the DOMAIN table.,CONCEPT,DOMAIN_ID,NA,NA,is_foreign_key.sql,Conformance,Relational,Verification,,,field_isforeignkey_concept_domain_id,0,0,0,1,NULL,0,NULL
0,0.00000000000000000,223619,,,isForeignKey,FIELD,The number and percent of records that have a value in the REVENUE_CODE_CONCEPT_ID field in the COST table that does not exist in the CONCEPT table.,COST,REVENUE_CODE_CONCEPT_ID,NA,NA,is_foreign_key.sql,Conformance,Relational,Verification,,,field_isforeignkey_cost_revenue_code_concept_id,0,0,0,1,NULL,0,NULL
0,0.00000000000000000,148,,,isForeignKey,FIELD,The number and percent of records that have a value in the CAUSE_CONCEPT_ID field in the DEATH table that does not exist in the CONCEPT table.,DEATH,CAUSE_CONCEPT_ID,NA,NA,is_foreign_key.sql,Conformance,Relational,Verification,,,field_isforeignkey_death_cause_concept_id,0,0,0,1,NULL,0,NULL
0,0.00000000000000000,2237,,,isForeignKey,FIELD,The number and percent of records that have a value in the DEVICE_SOURCE_CONCEPT_ID field in the DEVICE_EXPOSURE table that does not exist in the CONCEPT table.,DEVICE_EXPOSURE,DEVICE_SOURCE_CONCEPT_ID,NA,NA,is_foreign_key.sql,Conformance,Relational,Verification,,,field_isforeignkey_device_exposure_device_source_concept_id,0,0,0,1,NULL,0,NULL
0,0.00000000000000000,124492,,,isForeignKey,FIELD,The number and percent of records that have a value in the DRUG_SOURCE_CONCEPT_ID field in the DRUG_EXPOSURE table that does not exist in the CONCEPT table.,DRUG_EXPOSURE,DRUG_SOURCE_CONCEPT_ID,NA,NA,is_foreign_key.sql,Conformance,Relational,Verification,,,field_isforeignkey_drug_exposure_drug_source_concept_id,0,0,0,1,NULL,0,NULL
0,0.00000000000000000,404546,,,isForeignKey,FIELD,The number and percent of records that have a value in the OBSERVATION_CONCEPT_ID field in the OBSERVATION table that does not exist in the CONCEPT table.,OBSERVATION,OBSERVATION_CONCEPT_ID,NA,NA,is_foreign_key.sql,Conformance,Relational,Verification,,,field_isforeignkey_observation_observation_concept_id,0,0,0,1,NULL,0,NULL
0,0.00000000000000000,59919626,,,isForeignKey,FIELD,The number and percent of records that have a value in the CONCEPT_ID_1 field in the CONCEPT_RELATIONSHIP table that does not exist in the CONCEPT table.,CONCEPT_RELATIONSHIP,CONCEPT_ID_1,NA,NA,is_foreign_key.sql,Conformance,Relational,Verification,,,field_isforeignkey_concept_relationship_concept_id_1,0,0,0,1,NULL,0,NULL
0,0.00000000000000000,22399,,,isForeignKey,FIELD,The number and percent of records that have a value in the VISIT_OCCURRENCE_ID field in the CONDITION_OCCURRENCE table that does not exist in the VISIT_OCCURRENCE table.,CONDITION_OCCURRENCE,VISIT_OCCURRENCE_ID,NA,NA,is_foreign_key.sql,Conformance,Relational,Verification,,,field_isforeignkey_condition_occurrence_visit_occurrence_id,0,0,0,1,NULL,0,NULL
0,0.00000000000000000,0,,,isForeignKey,FIELD,The number and percent of records that have a value in the LOCATION_ID field in the CARE_SITE table that does not exist in the LOCATION table.,CARE_SITE,LOCATION_ID,NA,NA,is_foreign_key.sql,Conformance,Relational,Verification,,,field_isforeignkey_care_site_location_id,0,0,0,1,NULL,0,NULL
0,0.00000000000000000,0,,,isForeignKey,FIELD,The number and percent of records that have a value in the PLACE_OF_SERVICE_CONCEPT_ID field in the CARE_SITE table that does not exist in the CONCEPT table.,CARE_SITE,PLACE_OF_SERVICE_CONCEPT_ID,NA,NA,is_foreign_key.sql,Conformance,Relational,Verification,,,field_isforeignkey_care_site_place_of_service_concept_id,0,0,0,1,NULL,0,NULL
0,0.00000000000000000,0,,,isForeignKey,FIELD,The number and percent of records that have a value in the COHORT_DEFINITION_ID field in the COHORT_DEFINITION table that does not exist in the COHORT table.,COHORT_DEFINITION,COHORT_DEFINITION_ID,NA,NA,is_foreign_key.sql,Conformance,Relational,Verification,,,field_isforeignkey_cohort_definition_cohort_definition_id,0,0,0,1,NULL,0,NULL
0,0.00000000000000000,0,,,isForeignKey,FIELD,The number and percent of records that have a value in the DEFINITION_TYPE_CONCEPT_ID field in the COHORT_DEFINITION table that does not exist in the CONCEPT table.,COHORT_DEFINITION,DEFINITION_TYPE_CONCEPT_ID,NA,NA,is_foreign_key.sql,Conformance,Relational,Verification,,,field_isforeignkey_cohort_definition_definition_type_concept_id,0,0,0,1,NULL,0,NULL
0,0.00000000000000000,0,,,isForeignKey,FIELD,The number and percent of records that have a value in the SUBJECT_CONCEPT_ID field in the COHORT_DEFINITION table that does not exist in the CONCEPT table.,COHORT_DEFINITION,SUBJECT_CONCEPT_ID,NA,NA,is_foreign_key.sql,Conformance,Relational,Verification,,,field_isforeignkey_cohort_definition_subject_concept_id,0,0,0,1,NULL,0,NULL
0,0.00000000000000000,81501898,,,isForeignKey,FIELD,The number and percent of records that have a value in the ANCESTOR_CONCEPT_ID field in the CONCEPT_ANCESTOR table that does not exist in the CONCEPT table.,CONCEPT_ANCESTOR,ANCESTOR_CONCEPT_ID,NA,NA,is_foreign_key.sql,Conformance,Relational,Verification,,,field_isforeignkey_concept_ancestor_ancestor_concept_id,0,0,0,1,NULL,0,NULL
0,0.00000000000000000,81501898,,,isForeignKey,FIELD,The number and percent of records that have a value in the DESCENDANT_CONCEPT_ID field in the CONCEPT_ANCESTOR table that does not exist in the CONCEPT table.,CONCEPT_ANCESTOR,DESCENDANT_CONCEPT_ID,NA,NA,is_foreign_key.sql,Conformance,Relational,Verification,,,field_isforeignkey_concept_ancestor_descendant_concept_id,0,0,0,1,NULL,0,NULL
0,0.00000000000000000,59919626,,,isForeignKey,FIELD,The number and percent of records that have a value in the CONCEPT_ID_2 field in the CONCEPT_RELATIONSHIP table that does not exist in the CONCEPT table.,CONCEPT_RELATIONSHIP,CONCEPT_ID_2,NA,NA,is_foreign_key.sql,Conformance,Relational,Verification,,,field_isforeignkey_concept_relationship_concept_id_2,0,0,0,1,NULL,0,NULL
0,0.00000000000000000,59919626,,,isForeignKey,FIELD,The number and percent of records that have a value in the RELATIONSHIP_ID field in the CONCEPT_RELATIONSHIP table that does not exist in the RELATIONSHIP table.,CONCEPT_RELATIONSHIP,RELATIONSHIP_ID,NA,NA,is_foreign_key.sql,Conformance,Relational,Verification,,,field_isforeignkey_concept_relationship_relationship_id,0,0,0,1,NULL,0,NULL
0,0.00000000000000000,3793989,,,isForeignKey,FIELD,The number and percent of records that have a value in the LANGUAGE_CONCEPT_ID field in the CONCEPT_SYNONYM table that does not exist in the CONCEPT table.,CONCEPT_SYNONYM,LANGUAGE_CONCEPT_ID,NA,NA,is_foreign_key.sql,Conformance,Relational,Verification,,,field_isforeignkey_concept_synonym_language_concept_id,0,0,0,1,NULL,0,NULL
0,0.00000000000000000,22399,,,isForeignKey,FIELD,The number and percent of records that have a value in the CONDITION_CONCEPT_ID field in the CONDITION_OCCURRENCE table that does not exist in the CONCEPT table.,CONDITION_OCCURRENCE,CONDITION_CONCEPT_ID,NA,NA,is_foreign_key.sql,Conformance,Relational,Verification,,,field_isforeignkey_condition_occurrence_condition_concept_id,0,0,0,1,NULL,0,NULL
0,0.00000000000000000,22399,,,isForeignKey,FIELD,The number and percent of records that have a value in the VISIT_DETAIL_ID field in the CONDITION_OCCURRENCE table that does not exist in the VISIT_DETAIL table.,CONDITION_OCCURRENCE,VISIT_DETAIL_ID,NA,NA,is_foreign_key.sql,Conformance,Relational,Verification,,,field_isforeignkey_condition_occurrence_visit_detail_id,0,0,0,1,NULL,0,NULL
0,0.00000000000000000,2237,,,isForeignKey,FIELD,The number and percent of records that have a value in the DEVICE_CONCEPT_ID field in the DEVICE_EXPOSURE table that does not exist in the CONCEPT table.,DEVICE_EXPOSURE,DEVICE_CONCEPT_ID,NA,NA,is_foreign_key.sql,Conformance,Relational,Verification,,,field_isforeignkey_device_exposure_device_concept_id,0,0,0,1,NULL,0,NULL
0,0.00000000000000000,2237,,,isForeignKey,FIELD,The number and percent of records that have a value in the PERSON_ID field in the DEVICE_EXPOSURE table that does not exist in the person table.,DEVICE_EXPOSURE,PERSON_ID,NA,NA,is_foreign_key.sql,Conformance,Relational,Verification,,,field_isforeignkey_device_exposure_person_id,0,0,0,1,NULL,0,NULL
0,0.00000000000000000,2237,,,isForeignKey,FIELD,The number and percent of records that have a value in the VISIT_OCCURRENCE_ID field in the DEVICE_EXPOSURE table that does not exist in the VISIT_OCCURRENCE table.,DEVICE_EXPOSURE,VISIT_OCCURRENCE_ID,NA,NA,is_foreign_key.sql,Conformance,Relational,Verification,,,field_isforeignkey_device_exposure_visit_occurrence_id,0,0,0,1,NULL,0,NULL
0,0.00000000000000000,0,,,isForeignKey,FIELD,The number and percent of records that have a value in the DRUG_CONCEPT_ID field in the DOSE_ERA table that does not exist in the CONCEPT table.,DOSE_ERA,DRUG_CONCEPT_ID,NA,NA,is_foreign_key.sql,Conformance,Relational,Verification,,,field_isforeignkey_dose_era_drug_concept_id,0,0,0,1,NULL,0,NULL
0,0.00000000000000000,0,,,isForeignKey,FIELD,The number and percent of records that have a value in the PERSON_ID field in the DOSE_ERA table that does not exist in the person table.,DOSE_ERA,PERSON_ID,NA,NA,is_foreign_key.sql,Conformance,Relational,Verification,,,field_isforeignkey_dose_era_person_id,0,0,0,1,NULL,0,NULL
0,0.00000000000000000,0,,,isForeignKey,FIELD,The number and percent of records that have a value in the UNIT_CONCEPT_ID field in the DOSE_ERA table that does not exist in the CONCEPT table.,DOSE_ERA,UNIT_CONCEPT_ID,NA,NA,is_foreign_key.sql,Conformance,Relational,Verification,,,field_isforeignkey_dose_era_unit_concept_id,0,0,0,1,NULL,0,NULL
0,0.00000000000000000,9778,,,isForeignKey,FIELD,The number and percent of records that have a value in the PERSON_ID field in the DRUG_ERA table that does not exist in the person table.,DRUG_ERA,PERSON_ID,NA,NA,is_foreign_key.sql,Conformance,Relational,Verification,,,field_isforeignkey_drug_era_person_id,0,0,0,1,NULL,0,NULL
0,0.00000000000000000,124492,,,isForeignKey,FIELD,The number and percent of records that have a value in the PROVIDER_ID field in the DRUG_EXPOSURE table that does not exist in the PROVIDER table.,DRUG_EXPOSURE,PROVIDER_ID,NA,NA,is_foreign_key.sql,Conformance,Relational,Verification,,,field_isforeignkey_drug_exposure_provider_id,0,0,0,1,NULL,0,NULL
0,0.00000000000000000,124492,,,isForeignKey,FIELD,The number and percent of records that have a value in the VISIT_OCCURRENCE_ID field in the DRUG_EXPOSURE table that does not exist in the VISIT_OCCURRENCE table.,DRUG_EXPOSURE,VISIT_OCCURRENCE_ID,NA,NA,is_foreign_key.sql,Conformance,Relational,Verification,,,field_isforeignkey_drug_exposure_visit_occurrence_id,0,0,0,1,NULL,0,NULL
0,0.00000000000000000,0,,,isForeignKey,FIELD,The number and percent of records that have a value in the EPISODE_CONCEPT_ID field in the EPISODE table that does not exist in the CONCEPT table.,EPISODE,EPISODE_CONCEPT_ID,NA,NA,is_foreign_key.sql,Conformance,Relational,Verification,,,field_isforeignkey_episode_episode_concept_id,0,0,0,1,NULL,0,NULL
0,0.00000000000000000,0,,,isForeignKey,FIELD,The number and percent of records that have a value in the EPISODE_OBJECT_CONCEPT_ID field in the EPISODE table that does not exist in the CONCEPT table.,EPISODE,EPISODE_OBJECT_CONCEPT_ID,NA,NA,is_foreign_key.sql,Conformance,Relational,Verification,,,field_isforeignkey_episode_episode_object_concept_id,0,0,0,1,NULL,0,NULL
0,0.00000000000000000,0,,,isForeignKey,FIELD,The number and percent of records that have a value in the EPISODE_SOURCE_CONCEPT_ID field in the EPISODE table that does not exist in the CONCEPT table.,EPISODE,EPISODE_SOURCE_CONCEPT_ID,NA,NA,is_foreign_key.sql,Conformance,Relational,Verification,,,field_isforeignkey_episode_episode_source_concept_id,0,0,0,1,NULL,0,NULL
0,0.00000000000000000,0,,,isForeignKey,FIELD,The number and percent of records that have a value in the EPISODE_TYPE_CONCEPT_ID field in the EPISODE table that does not exist in the CONCEPT table.,EPISODE,EPISODE_TYPE_CONCEPT_ID,NA,NA,is_foreign_key.sql,Conformance,Relational,Verification,,,field_isforeignkey_episode_episode_type_concept_id,0,0,0,1,NULL,0,NULL
0,0.00000000000000000,0,,,isForeignKey,FIELD,The number and percent of records that have a value in the PERSON_ID field in the EPISODE table that does not exist in the person table.,EPISODE,PERSON_ID,NA,NA,is_foreign_key.sql,Conformance,Relational,Verification,,,field_isforeignkey_episode_person_id,0,0,0,1,NULL,0,NULL
0,0.00000000000000000,0,,,isForeignKey,FIELD,The number and percent of records that have a value in the EPISODE_EVENT_FIELD_CONCEPT_ID field in the EPISODE_EVENT table that does not exist in the CONCEPT table.,EPISODE_EVENT,EPISODE_EVENT_FIELD_CONCEPT_ID,NA,NA,is_foreign_key.sql,Conformance,Relational,Verification,,,field_isforeignkey_episode_event_episode_event_field_concept_id,0,0,0,1,NULL,0,NULL
0,0.00000000000000000,0,,,isForeignKey,FIELD,The number and percent of records that have a value in the EPISODE_ID field in the EPISODE_EVENT table that does not exist in the EPISODE table.,EPISODE_EVENT,EPISODE_ID,NA,NA,is_foreign_key.sql,Conformance,Relational,Verification,,,field_isforeignkey_episode_event_episode_id,0,0,0,1,NULL,0,NULL
0,0.00000000000000000,0,,,isForeignKey,FIELD,The number and percent of records that have a value in the DOMAIN_CONCEPT_ID_1 field in the FACT_RELATIONSHIP table that does not exist in the CONCEPT table.,FACT_RELATIONSHIP,DOMAIN_CONCEPT_ID_1,NA,NA,is_foreign_key.sql,Conformance,Relational,Verification,,,field_isforeignkey_fact_relationship_domain_concept_id_1,0,0,0,1,NULL,0,NULL
0,0.00000000000000000,0,,,isForeignKey,FIELD,The number and percent of records that have a value in the DOMAIN_CONCEPT_ID_2 field in the FACT_RELATIONSHIP table that does not exist in the CONCEPT table.,FACT_RELATIONSHIP,DOMAIN_CONCEPT_ID_2,NA,NA,is_foreign_key.sql,Conformance,Relational,Verification,,,field_isforeignkey_fact_relationship_domain_concept_id_2,0,0,0,1,NULL,0,NULL
0,0.00000000000000000,0,,,isForeignKey,FIELD,The number and percent of records that have a value in the RELATIONSHIP_CONCEPT_ID field in the FACT_RELATIONSHIP table that does not exist in the CONCEPT table.,FACT_RELATIONSHIP,RELATIONSHIP_CONCEPT_ID,NA,NA,is_foreign_key.sql,Conformance,Relational,Verification,,,field_isforeignkey_fact_relationship_relationship_concept_id,0,0,0,1,NULL,0,NULL
0,0.00000000000000000,0,,,isForeignKey,FIELD,The number and percent of records that have a value in the COUNTRY_CONCEPT_ID field in the LOCATION table that does not exist in the CONCEPT table.,LOCATION,COUNTRY_CONCEPT_ID,NA,NA,is_foreign_key.sql,Conformance,Relational,Verification,,,field_isforeignkey_location_country_concept_id,0,0,0,1,NULL,0,NULL
0,0.00000000000000000,717806,,,isForeignKey,FIELD,The number and percent of records that have a value in the MEAS_EVENT_FIELD_CONCEPT_ID field in the MEASUREMENT table that does not exist in the CONCEPT table.,MEASUREMENT,MEAS_EVENT_FIELD_CONCEPT_ID,NA,NA,is_foreign_key.sql,Conformance,Relational,Verification,,,field_isforeignkey_measurement_meas_event_field_concept_id,0,0,0,1,NULL,0,NULL
0,0.00000000000000000,0,,,isForeignKey,FIELD,The number and percent of records that have a value in the METADATA_CONCEPT_ID field in the METADATA table that does not exist in the CONCEPT table.,METADATA,METADATA_CONCEPT_ID,NA,NA,is_foreign_key.sql,Conformance,Relational,Verification,,,field_isforeignkey_metadata_metadata_concept_id,0,0,0,1,NULL,0,NULL
0,0.00000000000000000,0,,,isForeignKey,FIELD,The number and percent of records that have a value in the METADATA_TYPE_CONCEPT_ID field in the METADATA table that does not exist in the CONCEPT table.,METADATA,METADATA_TYPE_CONCEPT_ID,NA,NA,is_foreign_key.sql,Conformance,Relational,Verification,,,field_isforeignkey_metadata_metadata_type_concept_id,0,0,0,1,NULL,0,NULL
0,0.00000000000000000,0,,,isForeignKey,FIELD,The number and percent of records that have a value in the VALUE_AS_CONCEPT_ID field in the METADATA table that does not exist in the CONCEPT table.,METADATA,VALUE_AS_CONCEPT_ID,NA,NA,is_foreign_key.sql,Conformance,Relational,Verification,,,field_isforeignkey_metadata_value_as_concept_id,0,0,0,1,NULL,0,NULL
0,0.00000000000000000,0,,,isForeignKey,FIELD,The number and percent of records that have a value in the ENCODING_CONCEPT_ID field in the NOTE table that does not exist in the CONCEPT table.,NOTE,ENCODING_CONCEPT_ID,NA,NA,is_foreign_key.sql,Conformance,Relational,Verification,,,field_isforeignkey_note_encoding_concept_id,0,0,0,1,NULL,0,NULL
0,0.00000000000000000,0,,,isForeignKey,FIELD,The number and percent of records that have a value in the LANGUAGE_CONCEPT_ID field in the NOTE table that does not exist in the CONCEPT table.,NOTE,LANGUAGE_CONCEPT_ID,NA,NA,is_foreign_key.sql,Conformance,Relational,Verification,,,field_isforeignkey_note_language_concept_id,0,0,0,1,NULL,0,NULL
0,0.00000000000000000,0,,,isForeignKey,FIELD,The number and percent of records that have a value in the NOTE_CLASS_CONCEPT_ID field in the NOTE table that does not exist in the CONCEPT table.,NOTE,NOTE_CLASS_CONCEPT_ID,NA,NA,is_foreign_key.sql,Conformance,Relational,Verification,,,field_isforeignkey_note_note_class_concept_id,0,0,0,1,NULL,0,NULL
0,0.00000000000000000,0,,,isForeignKey,FIELD,The number and percent of records that have a value in the NOTE_EVENT_FIELD_CONCEPT_ID field in the NOTE table that does not exist in the CONCEPT table.,NOTE,NOTE_EVENT_FIELD_CONCEPT_ID,NA,NA,is_foreign_key.sql,Conformance,Relational,Verification,,,field_isforeignkey_note_note_event_field_concept_id,0,0,0,1,NULL,0,NULL
0,0.00000000000000000,0,,,isForeignKey,FIELD,The number and percent of records that have a value in the NOTE_TYPE_CONCEPT_ID field in the NOTE table that does not exist in the CONCEPT table.,NOTE,NOTE_TYPE_CONCEPT_ID,NA,NA,is_foreign_key.sql,Conformance,Relational,Verification,,,field_isforeignkey_note_note_type_concept_id,0,0,0,1,NULL,0,NULL
0,0.00000000000000000,0,,,isForeignKey,FIELD,The number and percent of records that have a value in the PERSON_ID field in the NOTE table that does not exist in the person table.,NOTE,PERSON_ID,NA,NA,is_foreign_key.sql,Conformance,Relational,Verification,,,field_isforeignkey_note_person_id,0,0,0,1,NULL,0,NULL
0,0.00000000000000000,0,,,isForeignKey,FIELD,The number and percent of records that have a value in the PROVIDER_ID field in the NOTE table that does not exist in the PROVIDER table.,NOTE,PROVIDER_ID,NA,NA,is_foreign_key.sql,Conformance,Relational,Verification,,,field_isforeignkey_note_provider_id,0,0,0,1,NULL,0,NULL
0,0.00000000000000000,0,,,isForeignKey,FIELD,The number and percent of records that have a value in the VISIT_DETAIL_ID field in the NOTE table that does not exist in the VISIT_DETAIL table.,NOTE,VISIT_DETAIL_ID,NA,NA,is_foreign_key.sql,Conformance,Relational,Verification,,,field_isforeignkey_note_visit_detail_id,0,0,0,1,NULL,0,NULL
0,0.00000000000000000,0,,,isForeignKey,FIELD,The number and percent of records that have a value in the VISIT_OCCURRENCE_ID field in the NOTE table that does not exist in the VISIT_OCCURRENCE table.,NOTE,VISIT_OCCURRENCE_ID,NA,NA,is_foreign_key.sql,Conformance,Relational,Verification,,,field_isforeignkey_note_visit_occurrence_id,0,0,0,1,NULL,0,NULL
0,0.00000000000000000,0,,,isForeignKey,FIELD,The number and percent of records that have a value in the NOTE_NLP_CONCEPT_ID field in the NOTE_NLP table that does not exist in the CONCEPT table.,NOTE_NLP,NOTE_NLP_CONCEPT_ID,NA,NA,is_foreign_key.sql,Conformance,Relational,Verification,,,field_isforeignkey_note_nlp_note_nlp_concept_id,0,0,0,1,NULL,0,NULL
0,0.00000000000000000,0,,,isForeignKey,FIELD,The number and percent of records that have a value in the NOTE_NLP_SOURCE_CONCEPT_ID field in the NOTE_NLP table that does not exist in the CONCEPT table.,NOTE_NLP,NOTE_NLP_SOURCE_CONCEPT_ID,NA,NA,is_foreign_key.sql,Conformance,Relational,Verification,,,field_isforeignkey_note_nlp_note_nlp_source_concept_id,0,0,0,1,NULL,0,NULL
0,0.00000000000000000,0,,,isForeignKey,FIELD,The number and percent of records that have a value in the SECTION_CONCEPT_ID field in the NOTE_NLP table that does not exist in the CONCEPT table.,NOTE_NLP,SECTION_CONCEPT_ID,NA,NA,is_foreign_key.sql,Conformance,Relational,Verification,,,field_isforeignkey_note_nlp_section_concept_id,0,0,0,1,NULL,0,NULL
0,0.00000000000000000,0,,,isForeignKey,FIELD,The number and percent of records that have a value in the SOURCE_CONCEPT_ID field in the SOURCE_TO_CONCEPT_MAP table that does not exist in the CONCEPT table.,SOURCE_TO_CONCEPT_MAP,SOURCE_CONCEPT_ID,NA,NA,is_foreign_key.sql,Conformance,Relational,Verification,,,field_isforeignkey_source_to_concept_map_source_concept_id,0,0,0,1,NULL,0,NULL
0,0.00000000000000000,0,,,isForeignKey,FIELD,The number and percent of records that have a value in the TARGET_CONCEPT_ID field in the SOURCE_TO_CONCEPT_MAP table that does not exist in the CONCEPT table.,SOURCE_TO_CONCEPT_MAP,TARGET_CONCEPT_ID,NA,NA,is_foreign_key.sql,Conformance,Relational,Verification,,,field_isforeignkey_source_to_concept_map_target_concept_id,0,0,0,1,NULL,0,NULL
0,0.00000000000000000,0,,,isForeignKey,FIELD,The number and percent of records that have a value in the TARGET_VOCABULARY_ID field in the SOURCE_TO_CONCEPT_MAP table that does not exist in the VOCABULARY table.,SOURCE_TO_CONCEPT_MAP,TARGET_VOCABULARY_ID,NA,NA,is_foreign_key.sql,Conformance,Relational,Verification,,,field_isforeignkey_source_to_concept_map_target_vocabulary_id,0,0,0,1,NULL,0,NULL
0,0.00000000000000000,0,,,isForeignKey,FIELD,The number and percent of records that have a value in the ANATOMIC_SITE_CONCEPT_ID field in the SPECIMEN table that does not exist in the CONCEPT table.,SPECIMEN,ANATOMIC_SITE_CONCEPT_ID,NA,NA,is_foreign_key.sql,Conformance,Relational,Verification,,,field_isforeignkey_specimen_anatomic_site_concept_id,0,0,0,1,NULL,0,NULL
0,0.00000000000000000,0,,,isForeignKey,FIELD,The number and percent of records that have a value in the DISEASE_STATUS_CONCEPT_ID field in the SPECIMEN table that does not exist in the CONCEPT table.,SPECIMEN,DISEASE_STATUS_CONCEPT_ID,NA,NA,is_foreign_key.sql,Conformance,Relational,Verification,,,field_isforeignkey_specimen_disease_status_concept_id,0,0,0,1,NULL,0,NULL
0,0.00000000000000000,0,,,isForeignKey,FIELD,The number and percent of records that have a value in the PERSON_ID field in the SPECIMEN table that does not exist in the person table.,SPECIMEN,PERSON_ID,NA,NA,is_foreign_key.sql,Conformance,Relational,Verification,,,field_isforeignkey_specimen_person_id,0,0,0,1,NULL,0,NULL
0,0.00000000000000000,0,,,isForeignKey,FIELD,The number and percent of records that have a value in the SPECIMEN_CONCEPT_ID field in the SPECIMEN table that does not exist in the CONCEPT table.,SPECIMEN,SPECIMEN_CONCEPT_ID,NA,NA,is_foreign_key.sql,Conformance,Relational,Verification,,,field_isforeignkey_specimen_specimen_concept_id,0,0,0,1,NULL,0,NULL
0,0.00000000000000000,0,,,isForeignKey,FIELD,The number and percent of records that have a value in the SPECIMEN_TYPE_CONCEPT_ID field in the SPECIMEN table that does not exist in the CONCEPT table.,SPECIMEN,SPECIMEN_TYPE_CONCEPT_ID,NA,NA,is_foreign_key.sql,Conformance,Relational,Verification,,,field_isforeignkey_specimen_specimen_type_concept_id,0,0,0,1,NULL,0,NULL
0,0.00000000000000000,0,,,isForeignKey,FIELD,The number and percent of records that have a value in the UNIT_CONCEPT_ID field in the SPECIMEN table that does not exist in the CONCEPT table.,SPECIMEN,UNIT_CONCEPT_ID,NA,NA,is_foreign_key.sql,Conformance,Relational,Verification,,,field_isforeignkey_specimen_unit_concept_id,0,0,0,1,NULL,0,NULL
