0,0.00000000000000000,22399,,,cdmDatatype,FIELD,A yes or no value indicating if the PROVIDER_ID in the CONDITION_OCCURRENCE is the expected data type based on the specification.  Only checks integer fields.,CONDITION_OCCURRENCE,PROVIDER_ID,NA,NA,field_cdm_datatype.sql,Conformance,Value,Verification,,,field_cdmdatatype_condition_occurrence_provider_id,0,0,0,1,NULL,0,NULL
0,0.00000000000000000,1160,,,cdmDatatype,FIELD,A yes or no value indicating if the PROVIDER_ID in the person is the expected data type based on the specification.  Only checks integer fields.,person,PROVIDER_ID,NA,NA,field_cdm_datatype.sql,Conformance,Value,Verification,,,field_cdmdatatype_person_provider_id,0,0,0,1,NULL,0,NULL
0,0.00000000000000000,1,,,cdmDatatype,FIELD,A yes or no value indicating if the CDM_VERSION_CONCEPT_ID in the CDM_SOURCE is the expected data type based on the specification.  Only checks integer fields.,CDM_SOURCE,CDM_VERSION_CONCEPT_ID,NA,NA,field_cdm_datatype.sql,Conformance,Value,Verification,,,field_cdmdatatype_cdm_source_cdm_version_concept_id,0,0,0,1,NULL,0,NULL
0,0.00000000000000000,404546,,,cdmDatatype,FIELD,A yes or no value indicating if the PROVIDER_ID in the OBSERVATION is the expected data type based on the specification.  Only checks integer fields.,OBSERVATION,PROVIDER_ID,NA,NA,field_cdm_datatype.sql,Conformance,Value,Verification,,,field_cdmdatatype_observation_provider_id,0,0,0,1,NULL,0,NULL
0,0.00000000000000000,1160,,,cdmDatatype,FIELD,A yes or no value indicating if the CARE_SITE_ID in the person is the expected data type based on the specification.  Only checks integer fields.,person,CARE_SITE_ID,NA,NA,field_cdm_datatype.sql,Conformance,Value,Verification,,,field_cdmdatatype_person_care_site_id,0,0,0,1,NULL,0,NULL
0,0.00000000000000000,1160,,,cdmDatatype,FIELD,A yes or no value indicating if the RACE_CONCEPT_ID in the person is the expected data type based on the specification.  Only checks integer fields.,person,RACE_CONCEPT_ID,NA,NA,field_cdm_datatype.sql,Conformance,Value,Verification,,,field_cdmdatatype_person_race_concept_id,0,0,0,1,NULL,0,NULL
0,0.00000000000000000,87109,,,cdmDatatype,FIELD,A yes or no value indicating if the VISIT_OCCURRENCE_ID in the VISIT_DETAIL is the expected data type based on the specification.  Only checks integer fields.,VISIT_DETAIL,VISIT_OCCURRENCE_ID,NA,NA,field_cdm_datatype.sql,Conformance,Value,Verification,,,field_cdmdatatype_visit_detail_visit_occurrence_id,0,0,0,1,NULL,0,NULL
0,0.00000000000000000,21585,,,cdmDatatype,FIELD,A yes or no value indicating if the CONDITION_CONCEPT_ID in the CONDITION_ERA is the expected data type based on the specification.  Only checks integer fields.,CONDITION_ERA,CONDITION_CONCEPT_ID,NA,NA,field_cdm_datatype.sql,Conformance,Value,Verification,,,field_cdmdatatype_condition_era_condition_concept_id,0,0,0,1,NULL,0,NULL
0,0.00000000000000000,223619,,,cdmDatatype,FIELD,A yes or no value indicating if the COST_ID in the COST is the expected data type based on the specification.  Only checks integer fields.,COST,COST_ID,NA,NA,field_cdm_datatype.sql,Conformance,Value,Verification,,,field_cdmdatatype_cost_cost_id,0,0,0,1,NULL,0,NULL
0,0.00000000000000000,9778,,,cdmDatatype,FIELD,A yes or no value indicating if the GAP_DAYS in the DRUG_ERA is the expected data type based on the specification.  Only checks integer fields.,DRUG_ERA,GAP_DAYS,NA,NA,field_cdm_datatype.sql,Conformance,Value,Verification,,,field_cdmdatatype_drug_era_gap_days,0,0,0,1,NULL,0,NULL
0,0.00000000000000000,124492,,,cdmDatatype,FIELD,A yes or no value indicating if the PERSON_ID in the DRUG_EXPOSURE is the expected data type based on the specification.  Only checks integer fields.,DRUG_EXPOSURE,PERSON_ID,NA,NA,field_cdm_datatype.sql,Conformance,Value,Verification,,,field_cdmdatatype_drug_exposure_person_id,0,0,0,1,NULL,0,NULL
0,0.00000000000000000,717806,,,cdmDatatype,FIELD,A yes or no value indicating if the MEASUREMENT_TYPE_CONCEPT_ID in the MEASUREMENT is the expected data type based on the specification.  Only checks integer fields.,MEASUREMENT,MEASUREMENT_TYPE_CONCEPT_ID,NA,NA,field_cdm_datatype.sql,Conformance,Value,Verification,,,field_cdmdatatype_measurement_measurement_type_concept_id,0,0,0,1,NULL,0,NULL
0,0.00000000000000000,717806,,,cdmDatatype,FIELD,A yes or no value indicating if the OPERATOR_CONCEPT_ID in the MEASUREMENT is the expected data type based on the specification.  Only checks integer fields.,MEASUREMENT,OPERATOR_CONCEPT_ID,NA,NA,field_cdm_datatype.sql,Conformance,Value,Verification,,,field_cdmdatatype_measurement_operator_concept_id,0,0,0,1,NULL,0,NULL
0,0.00000000000000000,717806,,,cdmDatatype,FIELD,A yes or no value indicating if the PROVIDER_ID in the MEASUREMENT is the expected data type based on the specification.  Only checks integer fields.,MEASUREMENT,PROVIDER_ID,NA,NA,field_cdm_datatype.sql,Conformance,Value,Verification,,,field_cdmdatatype_measurement_provider_id,0,0,0,1,NULL,0,NULL
0,0.00000000000000000,717806,,,cdmDatatype,FIELD,A yes or no value indicating if the UNIT_SOURCE_CONCEPT_ID in the MEASUREMENT is the expected data type based on the specification.  Only checks integer fields.,MEASUREMENT,UNIT_SOURCE_CONCEPT_ID,NA,NA,field_cdm_datatype.sql,Conformance,Value,Verification,,,field_cdmdatatype_measurement_unit_source_concept_id,0,0,0,1,NULL,0,NULL
0,0.00000000000000000,404546,,,cdmDatatype,FIELD,A yes or no value indicating if the OBSERVATION_SOURCE_CONCEPT_ID in the OBSERVATION is the expected data type based on the specification.  Only checks integer fields.,OBSERVATION,OBSERVATION_SOURCE_CONCEPT_ID,NA,NA,field_cdm_datatype.sql,Conformance,Value,Verification,,,field_cdmdatatype_observation_observation_source_concept_id,0,0,0,1,NULL,0,NULL
0,0.00000000000000000,404546,,,cdmDatatype,FIELD,A yes or no value indicating if the PERSON_ID in the OBSERVATION is the expected data type based on the specification.  Only checks integer fields.,OBSERVATION,PERSON_ID,NA,NA,field_cdm_datatype.sql,Conformance,Value,Verification,,,field_cdmdatatype_observation_person_id,0,0,0,1,NULL,0,NULL
0,0.00000000000000000,404546,,,cdmDatatype,FIELD,A yes or no value indicating if the VISIT_DETAIL_ID in the OBSERVATION is the expected data type based on the specification.  Only checks integer fields.,OBSERVATION,VISIT_DETAIL_ID,NA,NA,field_cdm_datatype.sql,Conformance,Value,Verification,,,field_cdmdatatype_observation_visit_detail_id,0,0,0,1,NULL,0,NULL
0,0.00000000000000000,1160,,,cdmDatatype,FIELD,A yes or no value indicating if the OBSERVATION_PERIOD_ID in the OBSERVATION_PERIOD is the expected data type based on the specification.  Only checks integer fields.,OBSERVATION_PERIOD,OBSERVATION_PERIOD_ID,NA,NA,field_cdm_datatype.sql,Conformance,Value,Verification,,,field_cdmdatatype_observation_period_observation_period_id,0,0,0,1,NULL,0,NULL
0,0.00000000000000000,11284,,,cdmDatatype,FIELD,A yes or no value indicating if the PAYER_PLAN_PERIOD_ID in the PAYER_PLAN_PERIOD is the expected data type based on the specification.  Only checks integer fields.,PAYER_PLAN_PERIOD,PAYER_PLAN_PERIOD_ID,NA,NA,field_cdm_datatype.sql,Conformance,Value,Verification,,,field_cdmdatatype_payer_plan_period_payer_plan_period_id,0,0,0,1,NULL,0,NULL
0,0.00000000000000000,11284,,,cdmDatatype,FIELD,A yes or no value indicating if the PLAN_CONCEPT_ID in the PAYER_PLAN_PERIOD is the expected data type based on the specification.  Only checks integer fields.,PAYER_PLAN_PERIOD,PLAN_CONCEPT_ID,NA,NA,field_cdm_datatype.sql,Conformance,Value,Verification,,,field_cdmdatatype_payer_plan_period_plan_concept_id,0,0,0,1,NULL,0,NULL
0,0.00000000000000000,93140,,,cdmDatatype,FIELD,A yes or no value indicating if the VISIT_OCCURRENCE_ID in the PROCEDURE_OCCURRENCE is the expected data type based on the specification.  Only checks integer fields.,PROCEDURE_OCCURRENCE,VISIT_OCCURRENCE_ID,NA,NA,field_cdm_datatype.sql,Conformance,Value,Verification,,,field_cdmdatatype_procedure_occurrence_visit_occurrence_id,0,0,0,1,NULL,0,NULL
0,0.00000000000000000,810,,,cdmDatatype,FIELD,A yes or no value indicating if the PROVIDER_ID in the PROVIDER is the expected data type based on the specification.  Only checks integer fields.,PROVIDER,PROVIDER_ID,NA,NA,field_cdm_datatype.sql,Conformance,Value,Verification,,,field_cdmdatatype_provider_provider_id,0,0,0,1,NULL,0,NULL
0,0.00000000000000000,810,,,cdmDatatype,FIELD,A yes or no value indicating if the YEAR_OF_BIRTH in the PROVIDER is the expected data type based on the specification.  Only checks integer fields.,PROVIDER,YEAR_OF_BIRTH,NA,NA,field_cdm_datatype.sql,Conformance,Value,Verification,,,field_cdmdatatype_provider_year_of_birth,0,0,0,1,NULL,0,NULL
0,0.00000000000000000,87109,,,cdmDatatype,FIELD,A yes or no value indicating if the DISCHARGED_TO_CONCEPT_ID in the VISIT_OCCURRENCE is the expected data type based on the specification.  Only checks integer fields.,VISIT_OCCURRENCE,DISCHARGED_TO_CONCEPT_ID,NA,NA,field_cdm_datatype.sql,Conformance,Value,Verification,,,field_cdmdatatype_visit_occurrence_discharged_to_concept_id,0,0,0,1,NULL,0,NULL
0,0.00000000000000000,87109,,,cdmDatatype,FIELD,A yes or no value indicating if the PERSON_ID in the VISIT_OCCURRENCE is the expected data type based on the specification.  Only checks integer fields.,VISIT_OCCURRENCE,PERSON_ID,NA,NA,field_cdm_datatype.sql,Conformance,Value,Verification,,,field_cdmdatatype_visit_occurrence_person_id,0,0,0,1,NULL,0,NULL
0,0.00000000000000000,87109,,,cdmDatatype,FIELD,A yes or no value indicating if the PROVIDER_ID in the VISIT_OCCURRENCE is the expected data type based on the specification.  Only checks integer fields.,VISIT_OCCURRENCE,PROVIDER_ID,NA,NA,field_cdm_datatype.sql,Conformance,Value,Verification,,,field_cdmdatatype_visit_occurrence_provider_id,0,0,0,1,NULL,0,NULL
0,0.00000000000000000,121,,,cdmDatatype,FIELD,A yes or no value indicating if the VOCABULARY_CONCEPT_ID in the VOCABULARY is the expected data type based on the specification.  Only checks integer fields.,VOCABULARY,VOCABULARY_CONCEPT_ID,NA,NA,field_cdm_datatype.sql,Conformance,Value,Verification,,,field_cdmdatatype_vocabulary_vocabulary_concept_id,0,0,0,1,NULL,0,NULL
0,0.00000000000000000,0,,,cdmDatatype,FIELD,A yes or no value indicating if the CARE_SITE_ID in the CARE_SITE is the expected data type based on the specification.  Only checks integer fields.,CARE_SITE,CARE_SITE_ID,NA,NA,field_cdm_datatype.sql,Conformance,Value,Verification,,,field_cdmdatatype_care_site_care_site_id,0,0,0,1,NULL,0,NULL
0,0.00000000000000000,0,,,cdmDatatype,FIELD,A yes or no value indicating if the LOCATION_ID in the CARE_SITE is the expected data type based on the specification.  Only checks integer fields.,CARE_SITE,LOCATION_ID,NA,NA,field_cdm_datatype.sql,Conformance,Value,Verification,,,field_cdmdatatype_care_site_location_id,0,0,0,1,NULL,0,NULL
0,0.00000000000000000,0,,,cdmDatatype,FIELD,A yes or no value indicating if the PLACE_OF_SERVICE_CONCEPT_ID in the CARE_SITE is the expected data type based on the specification.  Only checks integer fields.,CARE_SITE,PLACE_OF_SERVICE_CONCEPT_ID,NA,NA,field_cdm_datatype.sql,Conformance,Value,Verification,,,field_cdmdatatype_care_site_place_of_service_concept_id,0,0,0,1,NULL,0,NULL
0,0.00000000000000000,0,,,cdmDatatype,FIELD,A yes or no value indicating if the COHORT_DEFINITION_ID in the COHORT is the expected data type based on the specification.  Only checks integer fields.,COHORT,COHORT_DEFINITION_ID,NA,NA,field_cdm_datatype.sql,Conformance,Value,Verification,,,field_cdmdatatype_cohort_cohort_definition_id,0,0,0,1,NULL,0,NULL
0,0.00000000000000000,0,,,cdmDatatype,FIELD,A yes or no value indicating if the SUBJECT_ID in the COHORT is the expected data type based on the specification.  Only checks integer fields.,COHORT,SUBJECT_ID,NA,NA,field_cdm_datatype.sql,Conformance,Value,Verification,,,field_cdmdatatype_cohort_subject_id,0,0,0,1,NULL,0,NULL
0,0.00000000000000000,0,,,cdmDatatype,FIELD,A yes or no value indicating if the COHORT_DEFINITION_ID in the COHORT_DEFINITION is the expected data type based on the specification.  Only checks integer fields.,COHORT_DEFINITION,COHORT_DEFINITION_ID,NA,NA,field_cdm_datatype.sql,Conformance,Value,Verification,,,field_cdmdatatype_cohort_definition_cohort_definition_id,0,0,0,1,NULL,0,NULL
0,0.00000000000000000,0,,,cdmDatatype,FIELD,A yes or no value indicating if the DEFINITION_TYPE_CONCEPT_ID in the COHORT_DEFINITION is the expected data type based on the specification.  Only checks integer fields.,COHORT_DEFINITION,DEFINITION_TYPE_CONCEPT_ID,NA,NA,field_cdm_datatype.sql,Conformance,Value,Verification,,,field_cdmdatatype_cohort_definition_definition_type_concept_id,0,0,0,1,NULL,0,NULL
0,0.00000000000000000,0,,,cdmDatatype,FIELD,A yes or no value indicating if the SUBJECT_CONCEPT_ID in the COHORT_DEFINITION is the expected data type based on the specification.  Only checks integer fields.,COHORT_DEFINITION,SUBJECT_CONCEPT_ID,NA,NA,field_cdm_datatype.sql,Conformance,Value,Verification,,,field_cdmdatatype_cohort_definition_subject_concept_id,0,0,0,1,NULL,0,NULL
0,0.00000000000000000,9110552,,,cdmDatatype,FIELD,A yes or no value indicating if the CONCEPT_ID in the CONCEPT is the expected data type based on the specification.  Only checks integer fields.,CONCEPT,CONCEPT_ID,NA,NA,field_cdm_datatype.sql,Conformance,Value,Verification,,,field_cdmdatatype_concept_concept_id,0,0,0,1,NULL,0,NULL
0,0.00000000000000000,81501898,,,cdmDatatype,FIELD,A yes or no value indicating if the ANCESTOR_CONCEPT_ID in the CONCEPT_ANCESTOR is the expected data type based on the specification.  Only checks integer fields.,CONCEPT_ANCESTOR,ANCESTOR_CONCEPT_ID,NA,NA,field_cdm_datatype.sql,Conformance,Value,Verification,,,field_cdmdatatype_concept_ancestor_ancestor_concept_id,0,0,0,1,NULL,0,NULL
0,0.00000000000000000,81501898,,,cdmDatatype,FIELD,A yes or no value indicating if the DESCENDANT_CONCEPT_ID in the CONCEPT_ANCESTOR is the expected data type based on the specification.  Only checks integer fields.,CONCEPT_ANCESTOR,DESCENDANT_CONCEPT_ID,NA,NA,field_cdm_datatype.sql,Conformance,Value,Verification,,,field_cdmdatatype_concept_ancestor_descendant_concept_id,0,0,0,1,NULL,0,NULL
0,0.00000000000000000,81501898,,,cdmDatatype,FIELD,A yes or no value indicating if the MIN_LEVELS_OF_SEPARATION in the CONCEPT_ANCESTOR is the expected data type based on the specification.  Only checks integer fields.,CONCEPT_ANCESTOR,MIN_LEVELS_OF_SEPARATION,NA,NA,field_cdm_datatype.sql,Conformance,Value,Verification,,,field_cdmdatatype_concept_ancestor_min_levels_of_separation,0,0,0,1,NULL,0,NULL
0,0.00000000000000000,59919626,,,cdmDatatype,FIELD,A yes or no value indicating if the CONCEPT_ID_1 in the CONCEPT_RELATIONSHIP is the expected data type based on the specification.  Only checks integer fields.,CONCEPT_RELATIONSHIP,CONCEPT_ID_1,NA,NA,field_cdm_datatype.sql,Conformance,Value,Verification,,,field_cdmdatatype_concept_relationship_concept_id_1,0,0,0,1,NULL,0,NULL
0,0.00000000000000000,3793989,,,cdmDatatype,FIELD,A yes or no value indicating if the CONCEPT_ID in the CONCEPT_SYNONYM is the expected data type based on the specification.  Only checks integer fields.,CONCEPT_SYNONYM,CONCEPT_ID,NA,NA,field_cdm_datatype.sql,Conformance,Value,Verification,,,field_cdmdatatype_concept_synonym_concept_id,0,0,0,1,NULL,0,NULL
0,0.00000000000000000,3793989,,,cdmDatatype,FIELD,A yes or no value indicating if the LANGUAGE_CONCEPT_ID in the CONCEPT_SYNONYM is the expected data type based on the specification.  Only checks integer fields.,CONCEPT_SYNONYM,LANGUAGE_CONCEPT_ID,NA,NA,field_cdm_datatype.sql,Conformance,Value,Verification,,,field_cdmdatatype_concept_synonym_language_concept_id,0,0,0,1,NULL,0,NULL
0,0.00000000000000000,21585,,,cdmDatatype,FIELD,A yes or no value indicating if the CONDITION_ERA_ID in the CONDITION_ERA is the expected data type based on the specification.  Only checks integer fields.,CONDITION_ERA,CONDITION_ERA_ID,NA,NA,field_cdm_datatype.sql,Conformance,Value,Verification,,,field_cdmdatatype_condition_era_condition_era_id,0,0,0,1,NULL,0,NULL
0,0.00000000000000000,21585,,,cdmDatatype,FIELD,A yes or no value indicating if the CONDITION_OCCURRENCE_COUNT in the CONDITION_ERA is the expected data type based on the specification.  Only checks integer fields.,CONDITION_ERA,CONDITION_OCCURRENCE_COUNT,NA,NA,field_cdm_datatype.sql,Conformance,Value,Verification,,,field_cdmdatatype_condition_era_condition_occurrence_count,0,0,0,1,NULL,0,NULL
0,0.00000000000000000,21585,,,cdmDatatype,FIELD,A yes or no value indicating if the PERSON_ID in the CONDITION_ERA is the expected data type based on the specification.  Only checks integer fields.,CONDITION_ERA,PERSON_ID,NA,NA,field_cdm_datatype.sql,Conformance,Value,Verification,,,field_cdmdatatype_condition_era_person_id,0,0,0,1,NULL,0,NULL
0,0.00000000000000000,22399,,,cdmDatatype,FIELD,A yes or no value indicating if the CONDITION_OCCURRENCE_ID in the CONDITION_OCCURRENCE is the expected data type based on the specification.  Only checks integer fields.,CONDITION_OCCURRENCE,CONDITION_OCCURRENCE_ID,NA,NA,field_cdm_datatype.sql,Conformance,Value,Verification,,,field_cdmdatatype_condition_occurrence_condition_occurrence_id,0,0,0,1,NULL,0,NULL
0,0.00000000000000000,22399,,,cdmDatatype,FIELD,A yes or no value indicating if the CONDITION_SOURCE_CONCEPT_ID in the CONDITION_OCCURRENCE is the expected data type based on the specification.  Only checks integer fields.,CONDITION_OCCURRENCE,CONDITION_SOURCE_CONCEPT_ID,NA,NA,field_cdm_datatype.sql,Conformance,Value,Verification,,,field_cdmdatatype_condition_occurrence_condition_source_concept_id,0,0,0,1,NULL,0,NULL
0,0.00000000000000000,22399,,,cdmDatatype,FIELD,A yes or no value indicating if the CONDITION_STATUS_CONCEPT_ID in the CONDITION_OCCURRENCE is the expected data type based on the specification.  Only checks integer fields.,CONDITION_OCCURRENCE,CONDITION_STATUS_CONCEPT_ID,NA,NA,field_cdm_datatype.sql,Conformance,Value,Verification,,,field_cdmdatatype_condition_occurrence_condition_status_concept_id,0,0,0,1,NULL,0,NULL
0,0.00000000000000000,22399,,,cdmDatatype,FIELD,A yes or no value indicating if the CONDITION_TYPE_CONCEPT_ID in the CONDITION_OCCURRENCE is the expected data type based on the specification.  Only checks integer fields.,CONDITION_OCCURRENCE,CONDITION_TYPE_CONCEPT_ID,NA,NA,field_cdm_datatype.sql,Conformance,Value,Verification,,,field_cdmdatatype_condition_occurrence_condition_type_concept_id,0,0,0,1,NULL,0,NULL
0,0.00000000000000000,22399,,,cdmDatatype,FIELD,A yes or no value indicating if the PERSON_ID in the CONDITION_OCCURRENCE is the expected data type based on the specification.  Only checks integer fields.,CONDITION_OCCURRENCE,PERSON_ID,NA,NA,field_cdm_datatype.sql,Conformance,Value,Verification,,,field_cdmdatatype_condition_occurrence_person_id,0,0,0,1,NULL,0,NULL
0,0.00000000000000000,223619,,,cdmDatatype,FIELD,A yes or no value indicating if the COST_TYPE_CONCEPT_ID in the COST is the expected data type based on the specification.  Only checks integer fields.,COST,COST_TYPE_CONCEPT_ID,NA,NA,field_cdm_datatype.sql,Conformance,Value,Verification,,,field_cdmdatatype_cost_cost_type_concept_id,0,0,0,1,NULL,0,NULL
0,0.00000000000000000,223619,,,cdmDatatype,FIELD,A yes or no value indicating if the CURRENCY_CONCEPT_ID in the COST is the expected data type based on the specification.  Only checks integer fields.,COST,CURRENCY_CONCEPT_ID,NA,NA,field_cdm_datatype.sql,Conformance,Value,Verification,,,field_cdmdatatype_cost_currency_concept_id,0,0,0,1,NULL,0,NULL
0,0.00000000000000000,223619,,,cdmDatatype,FIELD,A yes or no value indicating if the DRG_CONCEPT_ID in the COST is the expected data type based on the specification.  Only checks integer fields.,COST,DRG_CONCEPT_ID,NA,NA,field_cdm_datatype.sql,Conformance,Value,Verification,,,field_cdmdatatype_cost_drg_concept_id,0,0,0,1,NULL,0,NULL
0,0.00000000000000000,223619,,,cdmDatatype,FIELD,A yes or no value indicating if the PAYER_PLAN_PERIOD_ID in the COST is the expected data type based on the specification.  Only checks integer fields.,COST,PAYER_PLAN_PERIOD_ID,NA,NA,field_cdm_datatype.sql,Conformance,Value,Verification,,,field_cdmdatatype_cost_payer_plan_period_id,0,0,0,1,NULL,0,NULL
0,0.00000000000000000,223619,,,cdmDatatype,FIELD,A yes or no value indicating if the REVENUE_CODE_CONCEPT_ID in the COST is the expected data type based on the specification.  Only checks integer fields.,COST,REVENUE_CODE_CONCEPT_ID,NA,NA,field_cdm_datatype.sql,Conformance,Value,Verification,,,field_cdmdatatype_cost_revenue_code_concept_id,0,0,0,1,NULL,0,NULL
0,0.00000000000000000,148,,,cdmDatatype,FIELD,A yes or no value indicating if the CAUSE_CONCEPT_ID in the DEATH is the expected data type based on the specification.  Only checks integer fields.,DEATH,CAUSE_CONCEPT_ID,NA,NA,field_cdm_datatype.sql,Conformance,Value,Verification,,,field_cdmdatatype_death_cause_concept_id,0,0,0,1,NULL,0,NULL
0,0.00000000000000000,148,,,cdmDatatype,FIELD,A yes or no value indicating if the CAUSE_SOURCE_CONCEPT_ID in the DEATH is the expected data type based on the specification.  Only checks integer fields.,DEATH,CAUSE_SOURCE_CONCEPT_ID,NA,NA,field_cdm_datatype.sql,Conformance,Value,Verification,,,field_cdmdatatype_death_cause_source_concept_id,0,0,0,1,NULL,0,NULL
0,0.00000000000000000,148,,,cdmDatatype,FIELD,A yes or no value indicating if the DEATH_TYPE_CONCEPT_ID in the DEATH is the expected data type based on the specification.  Only checks integer fields.,DEATH,DEATH_TYPE_CONCEPT_ID,NA,NA,field_cdm_datatype.sql,Conformance,Value,Verification,,,field_cdmdatatype_death_death_type_concept_id,0,0,0,1,NULL,0,NULL
0,0.00000000000000000,148,,,cdmDatatype,FIELD,A yes or no value indicating if the PERSON_ID in the DEATH is the expected data type based on the specification.  Only checks integer fields.,DEATH,PERSON_ID,NA,NA,field_cdm_datatype.sql,Conformance,Value,Verification,,,field_cdmdatatype_death_person_id,0,0,0,1,NULL,0,NULL
0,0.00000000000000000,2237,,,cdmDatatype,FIELD,A yes or no value indicating if the DEVICE_CONCEPT_ID in the DEVICE_EXPOSURE is the expected data type based on the specification.  Only checks integer fields.,DEVICE_EXPOSURE,DEVICE_CONCEPT_ID,NA,NA,field_cdm_datatype.sql,Conformance,Value,Verification,,,field_cdmdatatype_device_exposure_device_concept_id,0,0,0,1,NULL,0,NULL
0,0.00000000000000000,2237,,,cdmDatatype,FIELD,A yes or no value indicating if the DEVICE_SOURCE_CONCEPT_ID in the DEVICE_EXPOSURE is the expected data type based on the specification.  Only checks integer fields.,DEVICE_EXPOSURE,DEVICE_SOURCE_CONCEPT_ID,NA,NA,field_cdm_datatype.sql,Conformance,Value,Verification,,,field_cdmdatatype_device_exposure_device_source_concept_id,0,0,0,1,NULL,0,NULL
0,0.00000000000000000,2237,,,cdmDatatype,FIELD,A yes or no value indicating if the DEVICE_TYPE_CONCEPT_ID in the DEVICE_EXPOSURE is the expected data type based on the specification.  Only checks integer fields.,DEVICE_EXPOSURE,DEVICE_TYPE_CONCEPT_ID,NA,NA,field_cdm_datatype.sql,Conformance,Value,Verification,,,field_cdmdatatype_device_exposure_device_type_concept_id,0,0,0,1,NULL,0,NULL
0,0.00000000000000000,2237,,,cdmDatatype,FIELD,A yes or no value indicating if the PERSON_ID in the DEVICE_EXPOSURE is the expected data type based on the specification.  Only checks integer fields.,DEVICE_EXPOSURE,PERSON_ID,NA,NA,field_cdm_datatype.sql,Conformance,Value,Verification,,,field_cdmdatatype_device_exposure_person_id,0,0,0,1,NULL,0,NULL
0,0.00000000000000000,2237,,,cdmDatatype,FIELD,A yes or no value indicating if the PROVIDER_ID in the DEVICE_EXPOSURE is the expected data type based on the specification.  Only checks integer fields.,DEVICE_EXPOSURE,PROVIDER_ID,NA,NA,field_cdm_datatype.sql,Conformance,Value,Verification,,,field_cdmdatatype_device_exposure_provider_id,0,0,0,1,NULL,0,NULL
0,0.00000000000000000,2237,,,cdmDatatype,FIELD,A yes or no value indicating if the QUANTITY in the DEVICE_EXPOSURE is the expected data type based on the specification.  Only checks integer fields.,DEVICE_EXPOSURE,QUANTITY,NA,NA,field_cdm_datatype.sql,Conformance,Value,Verification,,,field_cdmdatatype_device_exposure_quantity,0,0,0,1,NULL,0,NULL
0,0.00000000000000000,2237,,,cdmDatatype,FIELD,A yes or no value indicating if the UNIT_CONCEPT_ID in the DEVICE_EXPOSURE is the expected data type based on the specification.  Only checks integer fields.,DEVICE_EXPOSURE,UNIT_CONCEPT_ID,NA,NA,field_cdm_datatype.sql,Conformance,Value,Verification,,,field_cdmdatatype_device_exposure_unit_concept_id,0,0,0,1,NULL,0,NULL
0,0.00000000000000000,2237,,,cdmDatatype,FIELD,A yes or no value indicating if the UNIT_SOURCE_CONCEPT_ID in the DEVICE_EXPOSURE is the expected data type based on the specification.  Only checks integer fields.,DEVICE_EXPOSURE,UNIT_SOURCE_CONCEPT_ID,NA,NA,field_cdm_datatype.sql,Conformance,Value,Verification,,,field_cdmdatatype_device_exposure_unit_source_concept_id,0,0,0,1,NULL,0,NULL
0,0.00000000000000000,2237,,,cdmDatatype,FIELD,A yes or no value indicating if the VISIT_DETAIL_ID in the DEVICE_EXPOSURE is the expected data type based on the specification.  Only checks integer fields.,DEVICE_EXPOSURE,VISIT_DETAIL_ID,NA,NA,field_cdm_datatype.sql,Conformance,Value,Verification,,,field_cdmdatatype_device_exposure_visit_detail_id,0,0,0,1,NULL,0,NULL
0,0.00000000000000000,2237,,,cdmDatatype,FIELD,A yes or no value indicating if the VISIT_OCCURRENCE_ID in the DEVICE_EXPOSURE is the expected data type based on the specification.  Only checks integer fields.,DEVICE_EXPOSURE,VISIT_OCCURRENCE_ID,NA,NA,field_cdm_datatype.sql,Conformance,Value,Verification,,,field_cdmdatatype_device_exposure_visit_occurrence_id,0,0,0,1,NULL,0,NULL
0,0.00000000000000000,50,,,cdmDatatype,FIELD,A yes or no value indicating if the DOMAIN_CONCEPT_ID in the DOMAIN is the expected data type based on the specification.  Only checks integer fields.,DOMAIN,DOMAIN_CONCEPT_ID,NA,NA,field_cdm_datatype.sql,Conformance,Value,Verification,,,field_cdmdatatype_domain_domain_concept_id,0,0,0,1,NULL,0,NULL
0,0.00000000000000000,0,,,cdmDatatype,FIELD,A yes or no value indicating if the DOSE_ERA_ID in the DOSE_ERA is the expected data type based on the specification.  Only checks integer fields.,DOSE_ERA,DOSE_ERA_ID,NA,NA,field_cdm_datatype.sql,Conformance,Value,Verification,,,field_cdmdatatype_dose_era_dose_era_id,0,0,0,1,NULL,0,NULL
0,0.00000000000000000,0,,,cdmDatatype,FIELD,A yes or no value indicating if the DRUG_CONCEPT_ID in the DOSE_ERA is the expected data type based on the specification.  Only checks integer fields.,DOSE_ERA,DRUG_CONCEPT_ID,NA,NA,field_cdm_datatype.sql,Conformance,Value,Verification,,,field_cdmdatatype_dose_era_drug_concept_id,0,0,0,1,NULL,0,NULL
0,0.00000000000000000,0,,,cdmDatatype,FIELD,A yes or no value indicating if the PERSON_ID in the DOSE_ERA is the expected data type based on the specification.  Only checks integer fields.,DOSE_ERA,PERSON_ID,NA,NA,field_cdm_datatype.sql,Conformance,Value,Verification,,,field_cdmdatatype_dose_era_person_id,0,0,0,1,NULL,0,NULL
0,0.00000000000000000,0,,,cdmDatatype,FIELD,A yes or no value indicating if the UNIT_CONCEPT_ID in the DOSE_ERA is the expected data type based on the specification.  Only checks integer fields.,DOSE_ERA,UNIT_CONCEPT_ID,NA,NA,field_cdm_datatype.sql,Conformance,Value,Verification,,,field_cdmdatatype_dose_era_unit_concept_id,0,0,0,1,NULL,0,NULL
0,0.00000000000000000,9778,,,cdmDatatype,FIELD,A yes or no value indicating if the DRUG_CONCEPT_ID in the DRUG_ERA is the expected data type based on the specification.  Only checks integer fields.,DRUG_ERA,DRUG_CONCEPT_ID,NA,NA,field_cdm_datatype.sql,Conformance,Value,Verification,,,field_cdmdatatype_drug_era_drug_concept_id,0,0,0,1,NULL,0,NULL
0,0.00000000000000000,9778,,,cdmDatatype,FIELD,A yes or no value indicating if the DRUG_EXPOSURE_COUNT in the DRUG_ERA is the expected data type based on the specification.  Only checks integer fields.,DRUG_ERA,DRUG_EXPOSURE_COUNT,NA,NA,field_cdm_datatype.sql,Conformance,Value,Verification,,,field_cdmdatatype_drug_era_drug_exposure_count,0,0,0,1,NULL,0,NULL
0,0.00000000000000000,9778,,,cdmDatatype,FIELD,A yes or no value indicating if the PERSON_ID in the DRUG_ERA is the expected data type based on the specification.  Only checks integer fields.,DRUG_ERA,PERSON_ID,NA,NA,field_cdm_datatype.sql,Conformance,Value,Verification,,,field_cdmdatatype_drug_era_person_id,0,0,0,1,NULL,0,NULL
0,0.00000000000000000,124492,,,cdmDatatype,FIELD,A yes or no value indicating if the DAYS_SUPPLY in the DRUG_EXPOSURE is the expected data type based on the specification.  Only checks integer fields.,DRUG_EXPOSURE,DAYS_SUPPLY,NA,NA,field_cdm_datatype.sql,Conformance,Value,Verification,,,field_cdmdatatype_drug_exposure_days_supply,0,0,0,1,NULL,0,NULL
0,0.00000000000000000,124492,,,cdmDatatype,FIELD,A yes or no value indicating if the DRUG_CONCEPT_ID in the DRUG_EXPOSURE is the expected data type based on the specification.  Only checks integer fields.,DRUG_EXPOSURE,DRUG_CONCEPT_ID,NA,NA,field_cdm_datatype.sql,Conformance,Value,Verification,,,field_cdmdatatype_drug_exposure_drug_concept_id,0,0,0,1,NULL,0,NULL
0,0.00000000000000000,124492,,,cdmDatatype,FIELD,A yes or no value indicating if the DRUG_EXPOSURE_ID in the DRUG_EXPOSURE is the expected data type based on the specification.  Only checks integer fields.,DRUG_EXPOSURE,DRUG_EXPOSURE_ID,NA,NA,field_cdm_datatype.sql,Conformance,Value,Verification,,,field_cdmdatatype_drug_exposure_drug_exposure_id,0,0,0,1,NULL,0,NULL
0,0.00000000000000000,124492,,,cdmDatatype,FIELD,A yes or no value indicating if the DRUG_SOURCE_CONCEPT_ID in the DRUG_EXPOSURE is the expected data type based on the specification.  Only checks integer fields.,DRUG_EXPOSURE,DRUG_SOURCE_CONCEPT_ID,NA,NA,field_cdm_datatype.sql,Conformance,Value,Verification,,,field_cdmdatatype_drug_exposure_drug_source_concept_id,0,0,0,1,NULL,0,NULL
0,0.00000000000000000,124492,,,cdmDatatype,FIELD,A yes or no value indicating if the DRUG_TYPE_CONCEPT_ID in the DRUG_EXPOSURE is the expected data type based on the specification.  Only checks integer fields.,DRUG_EXPOSURE,DRUG_TYPE_CONCEPT_ID,NA,NA,field_cdm_datatype.sql,Conformance,Value,Verification,,,field_cdmdatatype_drug_exposure_drug_type_concept_id,0,0,0,1,NULL,0,NULL
0,0.00000000000000000,124492,,,cdmDatatype,FIELD,A yes or no value indicating if the PROVIDER_ID in the DRUG_EXPOSURE is the expected data type based on the specification.  Only checks integer fields.,DRUG_EXPOSURE,PROVIDER_ID,NA,NA,field_cdm_datatype.sql,Conformance,Value,Verification,,,field_cdmdatatype_drug_exposure_provider_id,0,0,0,1,NULL,0,NULL
0,0.00000000000000000,124492,,,cdmDatatype,FIELD,A yes or no value indicating if the ROUTE_CONCEPT_ID in the DRUG_EXPOSURE is the expected data type based on the specification.  Only checks integer fields.,DRUG_EXPOSURE,ROUTE_CONCEPT_ID,NA,NA,field_cdm_datatype.sql,Conformance,Value,Verification,,,field_cdmdatatype_drug_exposure_route_concept_id,0,0,0,1,NULL,0,NULL
0,0.00000000000000000,124492,,,cdmDatatype,FIELD,A yes or no value indicating if the VISIT_DETAIL_ID in the DRUG_EXPOSURE is the expected data type based on the specification.  Only checks integer fields.,DRUG_EXPOSURE,VISIT_DETAIL_ID,NA,NA,field_cdm_datatype.sql,Conformance,Value,Verification,,,field_cdmdatatype_drug_exposure_visit_detail_id,0,0,0,1,NULL,0,NULL
0,0.00000000000000000,124492,,,cdmDatatype,FIELD,A yes or no value indicating if the VISIT_OCCURRENCE_ID in the DRUG_EXPOSURE is the expected data type based on the specification.  Only checks integer fields.,DRUG_EXPOSURE,VISIT_OCCURRENCE_ID,NA,NA,field_cdm_datatype.sql,Conformance,Value,Verification,,,field_cdmdatatype_drug_exposure_visit_occurrence_id,0,0,0,1,NULL,0,NULL
0,0.00000000000000000,2976841,,,cdmDatatype,FIELD,A yes or no value indicating if the INGREDIENT_CONCEPT_ID in the DRUG_STRENGTH is the expected data type based on the specification.  Only checks integer fields.,DRUG_STRENGTH,INGREDIENT_CONCEPT_ID,NA,NA,field_cdm_datatype.sql,Conformance,Value,Verification,,,field_cdmdatatype_drug_strength_ingredient_concept_id,0,0,0,1,NULL,0,NULL
0,0.00000000000000000,2976841,,,cdmDatatype,FIELD,A yes or no value indicating if the NUMERATOR_UNIT_CONCEPT_ID in the DRUG_STRENGTH is the expected data type based on the specification.  Only checks integer fields.,DRUG_STRENGTH,NUMERATOR_UNIT_CONCEPT_ID,NA,NA,field_cdm_datatype.sql,Conformance,Value,Verification,,,field_cdmdatatype_drug_strength_numerator_unit_concept_id,0,0,0,1,NULL,0,NULL
0,0.00000000000000000,0,,,cdmDatatype,FIELD,A yes or no value indicating if the EPISODE_CONCEPT_ID in the EPISODE is the expected data type based on the specification.  Only checks integer fields.,EPISODE,EPISODE_CONCEPT_ID,NA,NA,field_cdm_datatype.sql,Conformance,Value,Verification,,,field_cdmdatatype_episode_episode_concept_id,0,0,0,1,NULL,0,NULL
0,0.00000000000000000,0,,,cdmDatatype,FIELD,A yes or no value indicating if the EPISODE_NUMBER in the EPISODE is the expected data type based on the specification.  Only checks integer fields.,EPISODE,EPISODE_NUMBER,NA,NA,field_cdm_datatype.sql,Conformance,Value,Verification,,,field_cdmdatatype_episode_episode_number,0,0,0,1,NULL,0,NULL
0,0.00000000000000000,0,,,cdmDatatype,FIELD,A yes or no value indicating if the EPISODE_OBJECT_CONCEPT_ID in the EPISODE is the expected data type based on the specification.  Only checks integer fields.,EPISODE,EPISODE_OBJECT_CONCEPT_ID,NA,NA,field_cdm_datatype.sql,Conformance,Value,Verification,,,field_cdmdatatype_episode_episode_object_concept_id,0,0,0,1,NULL,0,NULL
0,0.00000000000000000,0,,,cdmDatatype,FIELD,A yes or no value indicating if the EPISODE_SOURCE_CONCEPT_ID in the EPISODE is the expected data type based on the specification.  Only checks integer fields.,EPISODE,EPISODE_SOURCE_CONCEPT_ID,NA,NA,field_cdm_datatype.sql,Conformance,Value,Verification,,,field_cdmdatatype_episode_episode_source_concept_id,0,0,0,1,NULL,0,NULL
0,0.00000000000000000,0,,,cdmDatatype,FIELD,A yes or no value indicating if the EPISODE_TYPE_CONCEPT_ID in the EPISODE is the expected data type based on the specification.  Only checks integer fields.,EPISODE,EPISODE_TYPE_CONCEPT_ID,NA,NA,field_cdm_datatype.sql,Conformance,Value,Verification,,,field_cdmdatatype_episode_episode_type_concept_id,0,0,0,1,NULL,0,NULL
0,0.00000000000000000,0,,,cdmDatatype,FIELD,A yes or no value indicating if the EPISODE_EVENT_FIELD_CONCEPT_ID in the EPISODE_EVENT is the expected data type based on the specification.  Only checks integer fields.,EPISODE_EVENT,EPISODE_EVENT_FIELD_CONCEPT_ID,NA,NA,field_cdm_datatype.sql,Conformance,Value,Verification,,,field_cdmdatatype_episode_event_episode_event_field_concept_id,0,0,0,1,NULL,0,NULL
0,0.00000000000000000,0,,,cdmDatatype,FIELD,A yes or no value indicating if the DOMAIN_CONCEPT_ID_1 in the FACT_RELATIONSHIP is the expected data type based on the specification.  Only checks integer fields.,FACT_RELATIONSHIP,DOMAIN_CONCEPT_ID_1,NA,NA,field_cdm_datatype.sql,Conformance,Value,Verification,,,field_cdmdatatype_fact_relationship_domain_concept_id_1,0,0,0,1,NULL,0,NULL
0,0.00000000000000000,0,,,cdmDatatype,FIELD,A yes or no value indicating if the DOMAIN_CONCEPT_ID_2 in the FACT_RELATIONSHIP is the expected data type based on the specification.  Only checks integer fields.,FACT_RELATIONSHIP,DOMAIN_CONCEPT_ID_2,NA,NA,field_cdm_datatype.sql,Conformance,Value,Verification,,,field_cdmdatatype_fact_relationship_domain_concept_id_2,0,0,0,1,NULL,0,NULL
0,0.00000000000000000,0,,,cdmDatatype,FIELD,A yes or no value indicating if the FACT_ID_1 in the FACT_RELATIONSHIP is the expected data type based on the specification.  Only checks integer fields.,FACT_RELATIONSHIP,FACT_ID_1,NA,NA,field_cdm_datatype.sql,Conformance,Value,Verification,,,field_cdmdatatype_fact_relationship_fact_id_1,0,0,0,1,NULL,0,NULL
0,0.00000000000000000,0,,,cdmDatatype,FIELD,A yes or no value indicating if the FACT_ID_2 in the FACT_RELATIONSHIP is the expected data type based on the specification.  Only checks integer fields.,FACT_RELATIONSHIP,FACT_ID_2,NA,NA,field_cdm_datatype.sql,Conformance,Value,Verification,,,field_cdmdatatype_fact_relationship_fact_id_2,0,0,0,1,NULL,0,NULL
0,0.00000000000000000,0,,,cdmDatatype,FIELD,A yes or no value indicating if the RELATIONSHIP_CONCEPT_ID in the FACT_RELATIONSHIP is the expected data type based on the specification.  Only checks integer fields.,FACT_RELATIONSHIP,RELATIONSHIP_CONCEPT_ID,NA,NA,field_cdm_datatype.sql,Conformance,Value,Verification,,,field_cdmdatatype_fact_relationship_relationship_concept_id,0,0,0,1,NULL,0,NULL
0,0.00000000000000000,0,,,cdmDatatype,FIELD,A yes or no value indicating if the COUNTRY_CONCEPT_ID in the LOCATION is the expected data type based on the specification.  Only checks integer fields.,LOCATION,COUNTRY_CONCEPT_ID,NA,NA,field_cdm_datatype.sql,Conformance,Value,Verification,,,field_cdmdatatype_location_country_concept_id,0,0,0,1,NULL,0,NULL
0,0.00000000000000000,0,,,cdmDatatype,FIELD,A yes or no value indicating if the LOCATION_ID in the LOCATION is the expected data type based on the specification.  Only checks integer fields.,LOCATION,LOCATION_ID,NA,NA,field_cdm_datatype.sql,Conformance,Value,Verification,,,field_cdmdatatype_location_location_id,0,0,0,1,NULL,0,NULL
0,0.00000000000000000,717806,,,cdmDatatype,FIELD,A yes or no value indicating if the MEAS_EVENT_FIELD_CONCEPT_ID in the MEASUREMENT is the expected data type based on the specification.  Only checks integer fields.,MEASUREMENT,MEAS_EVENT_FIELD_CONCEPT_ID,NA,NA,field_cdm_datatype.sql,Conformance,Value,Verification,,,field_cdmdatatype_measurement_meas_event_field_concept_id,0,0,0,1,NULL,0,NULL
0,0.00000000000000000,717806,,,cdmDatatype,FIELD,A yes or no value indicating if the MEASUREMENT_ID in the MEASUREMENT is the expected data type based on the specification.  Only checks integer fields.,MEASUREMENT,MEASUREMENT_ID,NA,NA,field_cdm_datatype.sql,Conformance,Value,Verification,,,field_cdmdatatype_measurement_measurement_id,0,0,0,1,NULL,0,NULL
0,0.00000000000000000,717806,,,cdmDatatype,FIELD,A yes or no value indicating if the VALUE_AS_CONCEPT_ID in the MEASUREMENT is the expected data type based on the specification.  Only checks integer fields.,MEASUREMENT,VALUE_AS_CONCEPT_ID,NA,NA,field_cdm_datatype.sql,Conformance,Value,Verification,,,field_cdmdatatype_measurement_value_as_concept_id,0,0,0,1,NULL,0,NULL
0,0.00000000000000000,0,,,cdmDatatype,FIELD,A yes or no value indicating if the METADATA_CONCEPT_ID in the METADATA is the expected data type based on the specification.  Only checks integer fields.,METADATA,METADATA_CONCEPT_ID,NA,NA,field_cdm_datatype.sql,Conformance,Value,Verification,,,field_cdmdatatype_metadata_metadata_concept_id,0,0,0,1,NULL,0,NULL
0,0.00000000000000000,0,,,cdmDatatype,FIELD,A yes or no value indicating if the METADATA_ID in the METADATA is the expected data type based on the specification.  Only checks integer fields.,METADATA,METADATA_ID,NA,NA,field_cdm_datatype.sql,Conformance,Value,Verification,,,field_cdmdatatype_metadata_metadata_id,0,0,0,1,NULL,0,NULL
0,0.00000000000000000,0,,,cdmDatatype,FIELD,A yes or no value indicating if the METADATA_TYPE_CONCEPT_ID in the METADATA is the expected data type based on the specification.  Only checks integer fields.,METADATA,METADATA_TYPE_CONCEPT_ID,NA,NA,field_cdm_datatype.sql,Conformance,Value,Verification,,,field_cdmdatatype_metadata_metadata_type_concept_id,0,0,0,1,NULL,0,NULL
0,0.00000000000000000,0,,,cdmDatatype,FIELD,A yes or no value indicating if the VALUE_AS_CONCEPT_ID in the METADATA is the expected data type based on the specification.  Only checks integer fields.,METADATA,VALUE_AS_CONCEPT_ID,NA,NA,field_cdm_datatype.sql,Conformance,Value,Verification,,,field_cdmdatatype_metadata_value_as_concept_id,0,0,0,1,NULL,0,NULL
0,0.00000000000000000,0,,,cdmDatatype,FIELD,A yes or no value indicating if the ENCODING_CONCEPT_ID in the NOTE is the expected data type based on the specification.  Only checks integer fields.,NOTE,ENCODING_CONCEPT_ID,NA,NA,field_cdm_datatype.sql,Conformance,Value,Verification,,,field_cdmdatatype_note_encoding_concept_id,0,0,0,1,NULL,0,NULL
0,0.00000000000000000,0,,,cdmDatatype,FIELD,A yes or no value indicating if the LANGUAGE_CONCEPT_ID in the NOTE is the expected data type based on the specification.  Only checks integer fields.,NOTE,LANGUAGE_CONCEPT_ID,NA,NA,field_cdm_datatype.sql,Conformance,Value,Verification,,,field_cdmdatatype_note_language_concept_id,0,0,0,1,NULL,0,NULL
0,0.00000000000000000,0,,,cdmDatatype,FIELD,A yes or no value indicating if the NOTE_CLASS_CONCEPT_ID in the NOTE is the expected data type based on the specification.  Only checks integer fields.,NOTE,NOTE_CLASS_CONCEPT_ID,NA,NA,field_cdm_datatype.sql,Conformance,Value,Verification,,,field_cdmdatatype_note_note_class_concept_id,0,0,0,1,NULL,0,NULL
0,0.00000000000000000,0,,,cdmDatatype,FIELD,A yes or no value indicating if the NOTE_EVENT_FIELD_CONCEPT_ID in the NOTE is the expected data type based on the specification.  Only checks integer fields.,NOTE,NOTE_EVENT_FIELD_CONCEPT_ID,NA,NA,field_cdm_datatype.sql,Conformance,Value,Verification,,,field_cdmdatatype_note_note_event_field_concept_id,0,0,0,1,NULL,0,NULL
0,0.00000000000000000,0,,,cdmDatatype,FIELD,A yes or no value indicating if the NOTE_ID in the NOTE is the expected data type based on the specification.  Only checks integer fields.,NOTE,NOTE_ID,NA,NA,field_cdm_datatype.sql,Conformance,Value,Verification,,,field_cdmdatatype_note_note_id,0,0,0,1,NULL,0,NULL
0,0.00000000000000000,0,,,cdmDatatype,FIELD,A yes or no value indicating if the NOTE_TYPE_CONCEPT_ID in the NOTE is the expected data type based on the specification.  Only checks integer fields.,NOTE,NOTE_TYPE_CONCEPT_ID,NA,NA,field_cdm_datatype.sql,Conformance,Value,Verification,,,field_cdmdatatype_note_note_type_concept_id,0,0,0,1,NULL,0,NULL
0,0.00000000000000000,0,,,cdmDatatype,FIELD,A yes or no value indicating if the PERSON_ID in the NOTE is the expected data type based on the specification.  Only checks integer fields.,NOTE,PERSON_ID,NA,NA,field_cdm_datatype.sql,Conformance,Value,Verification,,,field_cdmdatatype_note_person_id,0,0,0,1,NULL,0,NULL
0,0.00000000000000000,0,,,cdmDatatype,FIELD,A yes or no value indicating if the PROVIDER_ID in the NOTE is the expected data type based on the specification.  Only checks integer fields.,NOTE,PROVIDER_ID,NA,NA,field_cdm_datatype.sql,Conformance,Value,Verification,,,field_cdmdatatype_note_provider_id,0,0,0,1,NULL,0,NULL
0,0.00000000000000000,0,,,cdmDatatype,FIELD,A yes or no value indicating if the VISIT_DETAIL_ID in the NOTE is the expected data type based on the specification.  Only checks integer fields.,NOTE,VISIT_DETAIL_ID,NA,NA,field_cdm_datatype.sql,Conformance,Value,Verification,,,field_cdmdatatype_note_visit_detail_id,0,0,0,1,NULL,0,NULL
0,0.00000000000000000,0,,,cdmDatatype,FIELD,A yes or no value indicating if the VISIT_OCCURRENCE_ID in the NOTE is the expected data type based on the specification.  Only checks integer fields.,NOTE,VISIT_OCCURRENCE_ID,NA,NA,field_cdm_datatype.sql,Conformance,Value,Verification,,,field_cdmdatatype_note_visit_occurrence_id,0,0,0,1,NULL,0,NULL
0,0.00000000000000000,0,,,cdmDatatype,FIELD,A yes or no value indicating if the NOTE_ID in the NOTE_NLP is the expected data type based on the specification.  Only checks integer fields.,NOTE_NLP,NOTE_ID,NA,NA,field_cdm_datatype.sql,Conformance,Value,Verification,,,field_cdmdatatype_note_nlp_note_id,0,0,0,1,NULL,0,NULL
0,0.00000000000000000,0,,,cdmDatatype,FIELD,A yes or no value indicating if the NOTE_NLP_CONCEPT_ID in the NOTE_NLP is the expected data type based on the specification.  Only checks integer fields.,NOTE_NLP,NOTE_NLP_CONCEPT_ID,NA,NA,field_cdm_datatype.sql,Conformance,Value,Verification,,,field_cdmdatatype_note_nlp_note_nlp_concept_id,0,0,0,1,NULL,0,NULL
0,0.00000000000000000,0,,,cdmDatatype,FIELD,A yes or no value indicating if the NOTE_NLP_ID in the NOTE_NLP is the expected data type based on the specification.  Only checks integer fields.,NOTE_NLP,NOTE_NLP_ID,NA,NA,field_cdm_datatype.sql,Conformance,Value,Verification,,,field_cdmdatatype_note_nlp_note_nlp_id,0,0,0,1,NULL,0,NULL
0,0.00000000000000000,0,,,cdmDatatype,FIELD,A yes or no value indicating if the NOTE_NLP_SOURCE_CONCEPT_ID in the NOTE_NLP is the expected data type based on the specification.  Only checks integer fields.,NOTE_NLP,NOTE_NLP_SOURCE_CONCEPT_ID,NA,NA,field_cdm_datatype.sql,Conformance,Value,Verification,,,field_cdmdatatype_note_nlp_note_nlp_source_concept_id,0,0,0,1,NULL,0,NULL
0,0.00000000000000000,0,,,cdmDatatype,FIELD,A yes or no value indicating if the SECTION_CONCEPT_ID in the NOTE_NLP is the expected data type based on the specification.  Only checks integer fields.,NOTE_NLP,SECTION_CONCEPT_ID,NA,NA,field_cdm_datatype.sql,Conformance,Value,Verification,,,field_cdmdatatype_note_nlp_section_concept_id,0,0,0,1,NULL,0,NULL
0,0.00000000000000000,404546,,,cdmDatatype,FIELD,A yes or no value indicating if the UNIT_CONCEPT_ID in the OBSERVATION is the expected data type based on the specification.  Only checks integer fields.,OBSERVATION,UNIT_CONCEPT_ID,NA,NA,field_cdm_datatype.sql,Conformance,Value,Verification,,,field_cdmdatatype_observation_unit_concept_id,0,0,0,1,NULL,0,NULL
0,0.00000000000000000,1160,,,cdmDatatype,FIELD,A yes or no value indicating if the PERSON_ID in the OBSERVATION_PERIOD is the expected data type based on the specification.  Only checks integer fields.,OBSERVATION_PERIOD,PERSON_ID,NA,NA,field_cdm_datatype.sql,Conformance,Value,Verification,,,field_cdmdatatype_observation_period_person_id,0,0,0,1,NULL,0,NULL
0,0.00000000000000000,11284,,,cdmDatatype,FIELD,A yes or no value indicating if the SPONSOR_SOURCE_CONCEPT_ID in the PAYER_PLAN_PERIOD is the expected data type based on the specification.  Only checks integer fields.,PAYER_PLAN_PERIOD,SPONSOR_SOURCE_CONCEPT_ID,NA,NA,field_cdm_datatype.sql,Conformance,Value,Verification,,,field_cdmdatatype_payer_plan_period_sponsor_source_concept_id,0,0,0,1,NULL,0,NULL
0,0.00000000000000000,1160,,,cdmDatatype,FIELD,A yes or no value indicating if the YEAR_OF_BIRTH in the person is the expected data type based on the specification.  Only checks integer fields.,person,YEAR_OF_BIRTH,NA,NA,field_cdm_datatype.sql,Conformance,Value,Verification,,,field_cdmdatatype_person_year_of_birth,0,0,0,1,NULL,0,NULL
0,0.00000000000000000,0,,,cdmDatatype,FIELD,A yes or no value indicating if the SOURCE_CONCEPT_ID in the SOURCE_TO_CONCEPT_MAP is the expected data type based on the specification.  Only checks integer fields.,SOURCE_TO_CONCEPT_MAP,SOURCE_CONCEPT_ID,NA,NA,field_cdm_datatype.sql,Conformance,Value,Verification,,,field_cdmdatatype_source_to_concept_map_source_concept_id,0,0,0,1,NULL,0,NULL
0,0.00000000000000000,0,,,cdmDatatype,FIELD,A yes or no value indicating if the TARGET_CONCEPT_ID in the SOURCE_TO_CONCEPT_MAP is the expected data type based on the specification.  Only checks integer fields.,SOURCE_TO_CONCEPT_MAP,TARGET_CONCEPT_ID,NA,NA,field_cdm_datatype.sql,Conformance,Value,Verification,,,field_cdmdatatype_source_to_concept_map_target_concept_id,0,0,0,1,NULL,0,NULL
0,0.00000000000000000,0,,,cdmDatatype,FIELD,A yes or no value indicating if the ANATOMIC_SITE_CONCEPT_ID in the SPECIMEN is the expected data type based on the specification.  Only checks integer fields.,SPECIMEN,ANATOMIC_SITE_CONCEPT_ID,NA,NA,field_cdm_datatype.sql,Conformance,Value,Verification,,,field_cdmdatatype_specimen_anatomic_site_concept_id,0,0,0,1,NULL,0,NULL
0,0.00000000000000000,0,,,cdmDatatype,FIELD,A yes or no value indicating if the DISEASE_STATUS_CONCEPT_ID in the SPECIMEN is the expected data type based on the specification.  Only checks integer fields.,SPECIMEN,DISEASE_STATUS_CONCEPT_ID,NA,NA,field_cdm_datatype.sql,Conformance,Value,Verification,,,field_cdmdatatype_specimen_disease_status_concept_id,0,0,0,1,NULL,0,NULL
0,0.00000000000000000,0,,,cdmDatatype,FIELD,A yes or no value indicating if the PERSON_ID in the SPECIMEN is the expected data type based on the specification.  Only checks integer fields.,SPECIMEN,PERSON_ID,NA,NA,field_cdm_datatype.sql,Conformance,Value,Verification,,,field_cdmdatatype_specimen_person_id,0,0,0,1,NULL,0,NULL
0,0.00000000000000000,0,,,cdmDatatype,FIELD,A yes or no value indicating if the SPECIMEN_CONCEPT_ID in the SPECIMEN is the expected data type based on the specification.  Only checks integer fields.,SPECIMEN,SPECIMEN_CONCEPT_ID,NA,NA,field_cdm_datatype.sql,Conformance,Value,Verification,,,field_cdmdatatype_specimen_specimen_concept_id,0,0,0,1,NULL,0,NULL
0,0.00000000000000000,0,,,cdmDatatype,FIELD,A yes or no value indicating if the SPECIMEN_ID in the SPECIMEN is the expected data type based on the specification.  Only checks integer fields.,SPECIMEN,SPECIMEN_ID,NA,NA,field_cdm_datatype.sql,Conformance,Value,Verification,,,field_cdmdatatype_specimen_specimen_id,0,0,0,1,NULL,0,NULL
0,0.00000000000000000,0,,,cdmDatatype,FIELD,A yes or no value indicating if the SPECIMEN_TYPE_CONCEPT_ID in the SPECIMEN is the expected data type based on the specification.  Only checks integer fields.,SPECIMEN,SPECIMEN_TYPE_CONCEPT_ID,NA,NA,field_cdm_datatype.sql,Conformance,Value,Verification,,,field_cdmdatatype_specimen_specimen_type_concept_id,0,0,0,1,NULL,0,NULL
0,0.00000000000000000,0,,,cdmDatatype,FIELD,A yes or no value indicating if the UNIT_CONCEPT_ID in the SPECIMEN is the expected data type based on the specification.  Only checks integer fields.,SPECIMEN,UNIT_CONCEPT_ID,NA,NA,field_cdm_datatype.sql,Conformance,Value,Verification,,,field_cdmdatatype_specimen_unit_concept_id,0,0,0,1,NULL,0,NULL
0,0.00000000000000000,2237,,,cdmDatatype,FIELD,A yes or no value indicating if the DEVICE_EXPOSURE_ID in the DEVICE_EXPOSURE is the expected data type based on the specification.  Only checks integer fields.,DEVICE_EXPOSURE,DEVICE_EXPOSURE_ID,NA,NA,field_cdm_datatype.sql,Conformance,Value,Verification,,,field_cdmdatatype_device_exposure_device_exposure_id,0,0,0,1,NULL,0,NULL
0,0.00000000000000000,2976841,,,cdmDatatype,FIELD,A yes or no value indicating if the AMOUNT_UNIT_CONCEPT_ID in the DRUG_STRENGTH is the expected data type based on the specification.  Only checks integer fields.,DRUG_STRENGTH,AMOUNT_UNIT_CONCEPT_ID,NA,NA,field_cdm_datatype.sql,Conformance,Value,Verification,,,field_cdmdatatype_drug_strength_amount_unit_concept_id,0,0,0,1,NULL,0,NULL
0,0.00000000000000000,2976841,,,cdmDatatype,FIELD,A yes or no value indicating if the DENOMINATOR_UNIT_CONCEPT_ID in the DRUG_STRENGTH is the expected data type based on the specification.  Only checks integer fields.,DRUG_STRENGTH,DENOMINATOR_UNIT_CONCEPT_ID,NA,NA,field_cdm_datatype.sql,Conformance,Value,Verification,,,field_cdmdatatype_drug_strength_denominator_unit_concept_id,0,0,0,1,NULL,0,NULL
0,0.00000000000000000,717806,,,cdmDatatype,FIELD,A yes or no value indicating if the MEASUREMENT_CONCEPT_ID in the MEASUREMENT is the expected data type based on the specification.  Only checks integer fields.,MEASUREMENT,MEASUREMENT_CONCEPT_ID,NA,NA,field_cdm_datatype.sql,Conformance,Value,Verification,,,field_cdmdatatype_measurement_measurement_concept_id,0,0,0,1,NULL,0,NULL
0,0.00000000000000000,717806,,,cdmDatatype,FIELD,A yes or no value indicating if the MEASUREMENT_SOURCE_CONCEPT_ID in the MEASUREMENT is the expected data type based on the specification.  Only checks integer fields.,MEASUREMENT,MEASUREMENT_SOURCE_CONCEPT_ID,NA,NA,field_cdm_datatype.sql,Conformance,Value,Verification,,,field_cdmdatatype_measurement_measurement_source_concept_id,0,0,0,1,NULL,0,NULL
0,0.00000000000000000,717806,,,cdmDatatype,FIELD,A yes or no value indicating if the UNIT_CONCEPT_ID in the MEASUREMENT is the expected data type based on the specification.  Only checks integer fields.,MEASUREMENT,UNIT_CONCEPT_ID,NA,NA,field_cdm_datatype.sql,Conformance,Value,Verification,,,field_cdmdatatype_measurement_unit_concept_id,0,0,0,1,NULL,0,NULL
0,0.00000000000000000,717806,,,cdmDatatype,FIELD,A yes or no value indicating if the VISIT_DETAIL_ID in the MEASUREMENT is the expected data type based on the specification.  Only checks integer fields.,MEASUREMENT,VISIT_DETAIL_ID,NA,NA,field_cdm_datatype.sql,Conformance,Value,Verification,,,field_cdmdatatype_measurement_visit_detail_id,0,0,0,1,NULL,0,NULL
0,0.00000000000000000,404546,,,cdmDatatype,FIELD,A yes or no value indicating if the OBS_EVENT_FIELD_CONCEPT_ID in the OBSERVATION is the expected data type based on the specification.  Only checks integer fields.,OBSERVATION,OBS_EVENT_FIELD_CONCEPT_ID,NA,NA,field_cdm_datatype.sql,Conformance,Value,Verification,,,field_cdmdatatype_observation_obs_event_field_concept_id,0,0,0,1,NULL,0,NULL
0,0.00000000000000000,404546,,,cdmDatatype,FIELD,A yes or no value indicating if the OBSERVATION_CONCEPT_ID in the OBSERVATION is the expected data type based on the specification.  Only checks integer fields.,OBSERVATION,OBSERVATION_CONCEPT_ID,NA,NA,field_cdm_datatype.sql,Conformance,Value,Verification,,,field_cdmdatatype_observation_observation_concept_id,0,0,0,1,NULL,0,NULL
0,0.00000000000000000,404546,,,cdmDatatype,FIELD,A yes or no value indicating if the OBSERVATION_ID in the OBSERVATION is the expected data type based on the specification.  Only checks integer fields.,OBSERVATION,OBSERVATION_ID,NA,NA,field_cdm_datatype.sql,Conformance,Value,Verification,,,field_cdmdatatype_observation_observation_id,0,0,0,1,NULL,0,NULL
0,0.00000000000000000,404546,,,cdmDatatype,FIELD,A yes or no value indicating if the OBSERVATION_TYPE_CONCEPT_ID in the OBSERVATION is the expected data type based on the specification.  Only checks integer fields.,OBSERVATION,OBSERVATION_TYPE_CONCEPT_ID,NA,NA,field_cdm_datatype.sql,Conformance,Value,Verification,,,field_cdmdatatype_observation_observation_type_concept_id,0,0,0,1,NULL,0,NULL
0,0.00000000000000000,404546,,,cdmDatatype,FIELD,A yes or no value indicating if the QUALIFIER_CONCEPT_ID in the OBSERVATION is the expected data type based on the specification.  Only checks integer fields.,OBSERVATION,QUALIFIER_CONCEPT_ID,NA,NA,field_cdm_datatype.sql,Conformance,Value,Verification,,,field_cdmdatatype_observation_qualifier_concept_id,0,0,0,1,NULL,0,NULL
0,0.00000000000000000,404546,,,cdmDatatype,FIELD,A yes or no value indicating if the VISIT_OCCURRENCE_ID in the OBSERVATION is the expected data type based on the specification.  Only checks integer fields.,OBSERVATION,VISIT_OCCURRENCE_ID,NA,NA,field_cdm_datatype.sql,Conformance,Value,Verification,,,field_cdmdatatype_observation_visit_occurrence_id,0,0,0,1,NULL,0,NULL
0,0.00000000000000000,1160,,,cdmDatatype,FIELD,A yes or no value indicating if the PERIOD_TYPE_CONCEPT_ID in the OBSERVATION_PERIOD is the expected data type based on the specification.  Only checks integer fields.,OBSERVATION_PERIOD,PERIOD_TYPE_CONCEPT_ID,NA,NA,field_cdm_datatype.sql,Conformance,Value,Verification,,,field_cdmdatatype_observation_period_period_type_concept_id,0,0,0,1,NULL,0,NULL
0,0.00000000000000000,11284,,,cdmDatatype,FIELD,A yes or no value indicating if the PAYER_CONCEPT_ID in the PAYER_PLAN_PERIOD is the expected data type based on the specification.  Only checks integer fields.,PAYER_PLAN_PERIOD,PAYER_CONCEPT_ID,NA,NA,field_cdm_datatype.sql,Conformance,Value,Verification,,,field_cdmdatatype_payer_plan_period_payer_concept_id,0,0,0,1,NULL,0,NULL
0,0.00000000000000000,11284,,,cdmDatatype,FIELD,A yes or no value indicating if the PAYER_SOURCE_CONCEPT_ID in the PAYER_PLAN_PERIOD is the expected data type based on the specification.  Only checks integer fields.,PAYER_PLAN_PERIOD,PAYER_SOURCE_CONCEPT_ID,NA,NA,field_cdm_datatype.sql,Conformance,Value,Verification,,,field_cdmdatatype_payer_plan_period_payer_source_concept_id,0,0,0,1,NULL,0,NULL
0,0.00000000000000000,11284,,,cdmDatatype,FIELD,A yes or no value indicating if the PERSON_ID in the PAYER_PLAN_PERIOD is the expected data type based on the specification.  Only checks integer fields.,PAYER_PLAN_PERIOD,PERSON_ID,NA,NA,field_cdm_datatype.sql,Conformance,Value,Verification,,,field_cdmdatatype_payer_plan_period_person_id,0,0,0,1,NULL,0,NULL
0,0.00000000000000000,11284,,,cdmDatatype,FIELD,A yes or no value indicating if the PLAN_SOURCE_CONCEPT_ID in the PAYER_PLAN_PERIOD is the expected data type based on the specification.  Only checks integer fields.,PAYER_PLAN_PERIOD,PLAN_SOURCE_CONCEPT_ID,NA,NA,field_cdm_datatype.sql,Conformance,Value,Verification,,,field_cdmdatatype_payer_plan_period_plan_source_concept_id,0,0,0,1,NULL,0,NULL
0,0.00000000000000000,11284,,,cdmDatatype,FIELD,A yes or no value indicating if the SPONSOR_CONCEPT_ID in the PAYER_PLAN_PERIOD is the expected data type based on the specification.  Only checks integer fields.,PAYER_PLAN_PERIOD,SPONSOR_CONCEPT_ID,NA,NA,field_cdm_datatype.sql,Conformance,Value,Verification,,,field_cdmdatatype_payer_plan_period_sponsor_concept_id,0,0,0,1,NULL,0,NULL
0,0.00000000000000000,11284,,,cdmDatatype,FIELD,A yes or no value indicating if the STOP_REASON_CONCEPT_ID in the PAYER_PLAN_PERIOD is the expected data type based on the specification.  Only checks integer fields.,PAYER_PLAN_PERIOD,STOP_REASON_CONCEPT_ID,NA,NA,field_cdm_datatype.sql,Conformance,Value,Verification,,,field_cdmdatatype_payer_plan_period_stop_reason_concept_id,0,0,0,1,NULL,0,NULL
0,0.00000000000000000,11284,,,cdmDatatype,FIELD,A yes or no value indicating if the STOP_REASON_SOURCE_CONCEPT_ID in the PAYER_PLAN_PERIOD is the expected data type based on the specification.  Only checks integer fields.,PAYER_PLAN_PERIOD,STOP_REASON_SOURCE_CONCEPT_ID,NA,NA,field_cdm_datatype.sql,Conformance,Value,Verification,,,field_cdmdatatype_payer_plan_period_stop_reason_source_concept_id,0,0,0,1,NULL,0,NULL
0,0.00000000000000000,1160,,,cdmDatatype,FIELD,A yes or no value indicating if the ETHNICITY_CONCEPT_ID in the person is the expected data type based on the specification.  Only checks integer fields.,person,ETHNICITY_CONCEPT_ID,NA,NA,field_cdm_datatype.sql,Conformance,Value,Verification,,,field_cdmdatatype_person_ethnicity_concept_id,0,0,0,1,NULL,0,NULL
0,0.00000000000000000,1160,,,cdmDatatype,FIELD,A yes or no value indicating if the ETHNICITY_SOURCE_CONCEPT_ID in the person is the expected data type based on the specification.  Only checks integer fields.,person,ETHNICITY_SOURCE_CONCEPT_ID,NA,NA,field_cdm_datatype.sql,Conformance,Value,Verification,,,field_cdmdatatype_person_ethnicity_source_concept_id,0,0,0,1,NULL,0,NULL
0,0.00000000000000000,1160,,,cdmDatatype,FIELD,A yes or no value indicating if the GENDER_CONCEPT_ID in the person is the expected data type based on the specification.  Only checks integer fields.,person,GENDER_CONCEPT_ID,NA,NA,field_cdm_datatype.sql,Conformance,Value,Verification,,,field_cdmdatatype_person_gender_concept_id,0,0,0,1,NULL,0,NULL
0,0.00000000000000000,1160,,,cdmDatatype,FIELD,A yes or no value indicating if the GENDER_SOURCE_CONCEPT_ID in the person is the expected data type based on the specification.  Only checks integer fields.,person,GENDER_SOURCE_CONCEPT_ID,NA,NA,field_cdm_datatype.sql,Conformance,Value,Verification,,,field_cdmdatatype_person_gender_source_concept_id,0,0,0,1,NULL,0,NULL
0,0.00000000000000000,1160,,,cdmDatatype,FIELD,A yes or no value indicating if the LOCATION_ID in the person is the expected data type based on the specification.  Only checks integer fields.,person,LOCATION_ID,NA,NA,field_cdm_datatype.sql,Conformance,Value,Verification,,,field_cdmdatatype_person_location_id,0,0,0,1,NULL,0,NULL
0,0.00000000000000000,1160,,,cdmDatatype,FIELD,A yes or no value indicating if the MONTH_OF_BIRTH in the person is the expected data type based on the specification.  Only checks integer fields.,person,MONTH_OF_BIRTH,NA,NA,field_cdm_datatype.sql,Conformance,Value,Verification,,,field_cdmdatatype_person_month_of_birth,0,0,0,1,NULL,0,NULL
0,0.00000000000000000,1160,,,cdmDatatype,FIELD,A yes or no value indicating if the PERSON_ID in the person is the expected data type based on the specification.  Only checks integer fields.,person,PERSON_ID,NA,NA,field_cdm_datatype.sql,Conformance,Value,Verification,,,field_cdmdatatype_person_person_id,0,0,0,1,NULL,0,NULL
0,0.00000000000000000,1160,,,cdmDatatype,FIELD,A yes or no value indicating if the RACE_SOURCE_CONCEPT_ID in the person is the expected data type based on the specification.  Only checks integer fields.,person,RACE_SOURCE_CONCEPT_ID,NA,NA,field_cdm_datatype.sql,Conformance,Value,Verification,,,field_cdmdatatype_person_race_source_concept_id,0,0,0,1,NULL,0,NULL
0,0.00000000000000000,93140,,,cdmDatatype,FIELD,A yes or no value indicating if the MODIFIER_CONCEPT_ID in the PROCEDURE_OCCURRENCE is the expected data type based on the specification.  Only checks integer fields.,PROCEDURE_OCCURRENCE,MODIFIER_CONCEPT_ID,NA,NA,field_cdm_datatype.sql,Conformance,Value,Verification,,,field_cdmdatatype_procedure_occurrence_modifier_concept_id,0,0,0,1,NULL,0,NULL
0,0.00000000000000000,93140,,,cdmDatatype,FIELD,A yes or no value indicating if the PERSON_ID in the PROCEDURE_OCCURRENCE is the expected data type based on the specification.  Only checks integer fields.,PROCEDURE_OCCURRENCE,PERSON_ID,NA,NA,field_cdm_datatype.sql,Conformance,Value,Verification,,,field_cdmdatatype_procedure_occurrence_person_id,0,0,0,1,NULL,0,NULL
0,0.00000000000000000,93140,,,cdmDatatype,FIELD,A yes or no value indicating if the PROCEDURE_CONCEPT_ID in the PROCEDURE_OCCURRENCE is the expected data type based on the specification.  Only checks integer fields.,PROCEDURE_OCCURRENCE,PROCEDURE_CONCEPT_ID,NA,NA,field_cdm_datatype.sql,Conformance,Value,Verification,,,field_cdmdatatype_procedure_occurrence_procedure_concept_id,0,0,0,1,NULL,0,NULL
0,0.00000000000000000,93140,,,cdmDatatype,FIELD,A yes or no value indicating if the PROCEDURE_OCCURRENCE_ID in the PROCEDURE_OCCURRENCE is the expected data type based on the specification.  Only checks integer fields.,PROCEDURE_OCCURRENCE,PROCEDURE_OCCURRENCE_ID,NA,NA,field_cdm_datatype.sql,Conformance,Value,Verification,,,field_cdmdatatype_procedure_occurrence_procedure_occurrence_id,0,0,0,1,NULL,0,NULL
0,0.00000000000000000,93140,,,cdmDatatype,FIELD,A yes or no value indicating if the PROCEDURE_SOURCE_CONCEPT_ID in the PROCEDURE_OCCURRENCE is the expected data type based on the specification.  Only checks integer fields.,PROCEDURE_OCCURRENCE,PROCEDURE_SOURCE_CONCEPT_ID,NA,NA,field_cdm_datatype.sql,Conformance,Value,Verification,,,field_cdmdatatype_procedure_occurrence_procedure_source_concept_id,0,0,0,1,NULL,0,NULL
0,0.00000000000000000,93140,,,cdmDatatype,FIELD,A yes or no value indicating if the PROCEDURE_TYPE_CONCEPT_ID in the PROCEDURE_OCCURRENCE is the expected data type based on the specification.  Only checks integer fields.,PROCEDURE_OCCURRENCE,PROCEDURE_TYPE_CONCEPT_ID,NA,NA,field_cdm_datatype.sql,Conformance,Value,Verification,,,field_cdmdatatype_procedure_occurrence_procedure_type_concept_id,0,0,0,1,NULL,0,NULL
0,0.00000000000000000,93140,,,cdmDatatype,FIELD,A yes or no value indicating if the PROVIDER_ID in the PROCEDURE_OCCURRENCE is the expected data type based on the specification.  Only checks integer fields.,PROCEDURE_OCCURRENCE,PROVIDER_ID,NA,NA,field_cdm_datatype.sql,Conformance,Value,Verification,,,field_cdmdatatype_procedure_occurrence_provider_id,0,0,0,1,NULL,0,NULL
0,0.00000000000000000,93140,,,cdmDatatype,FIELD,A yes or no value indicating if the QUANTITY in the PROCEDURE_OCCURRENCE is the expected data type based on the specification.  Only checks integer fields.,PROCEDURE_OCCURRENCE,QUANTITY,NA,NA,field_cdm_datatype.sql,Conformance,Value,Verification,,,field_cdmdatatype_procedure_occurrence_quantity,0,0,0,1,NULL,0,NULL
0,0.00000000000000000,93140,,,cdmDatatype,FIELD,A yes or no value indicating if the VISIT_DETAIL_ID in the PROCEDURE_OCCURRENCE is the expected data type based on the specification.  Only checks integer fields.,PROCEDURE_OCCURRENCE,VISIT_DETAIL_ID,NA,NA,field_cdm_datatype.sql,Conformance,Value,Verification,,,field_cdmdatatype_procedure_occurrence_visit_detail_id,0,0,0,1,NULL,0,NULL
0,0.00000000000000000,810,,,cdmDatatype,FIELD,A yes or no value indicating if the CARE_SITE_ID in the PROVIDER is the expected data type based on the specification.  Only checks integer fields.,PROVIDER,CARE_SITE_ID,NA,NA,field_cdm_datatype.sql,Conformance,Value,Verification,,,field_cdmdatatype_provider_care_site_id,0,0,0,1,NULL,0,NULL
0,0.00000000000000000,810,,,cdmDatatype,FIELD,A yes or no value indicating if the GENDER_CONCEPT_ID in the PROVIDER is the expected data type based on the specification.  Only checks integer fields.,PROVIDER,GENDER_CONCEPT_ID,NA,NA,field_cdm_datatype.sql,Conformance,Value,Verification,,,field_cdmdatatype_provider_gender_concept_id,0,0,0,1,NULL,0,NULL
0,0.00000000000000000,810,,,cdmDatatype,FIELD,A yes or no value indicating if the GENDER_SOURCE_CONCEPT_ID in the PROVIDER is the expected data type based on the specification.  Only checks integer fields.,PROVIDER,GENDER_SOURCE_CONCEPT_ID,NA,NA,field_cdm_datatype.sql,Conformance,Value,Verification,,,field_cdmdatatype_provider_gender_source_concept_id,0,0,0,1,NULL,0,NULL
0,0.00000000000000000,810,,,cdmDatatype,FIELD,A yes or no value indicating if the SPECIALTY_CONCEPT_ID in the PROVIDER is the expected data type based on the specification.  Only checks integer fields.,PROVIDER,SPECIALTY_CONCEPT_ID,NA,NA,field_cdm_datatype.sql,Conformance,Value,Verification,,,field_cdmdatatype_provider_specialty_concept_id,0,0,0,1,NULL,0,NULL
0,0.00000000000000000,810,,,cdmDatatype,FIELD,A yes or no value indicating if the SPECIALTY_SOURCE_CONCEPT_ID in the PROVIDER is the expected data type based on the specification.  Only checks integer fields.,PROVIDER,SPECIALTY_SOURCE_CONCEPT_ID,NA,NA,field_cdm_datatype.sql,Conformance,Value,Verification,,,field_cdmdatatype_provider_specialty_source_concept_id,0,0,0,1,NULL,0,NULL
0,0.00000000000000000,690,,,cdmDatatype,FIELD,A yes or no value indicating if the RELATIONSHIP_CONCEPT_ID in the RELATIONSHIP is the expected data type based on the specification.  Only checks integer fields.,RELATIONSHIP,RELATIONSHIP_CONCEPT_ID,NA,NA,field_cdm_datatype.sql,Conformance,Value,Verification,,,field_cdmdatatype_relationship_relationship_concept_id,0,0,0,1,NULL,0,NULL
0,0.00000000000000000,87109,,,cdmDatatype,FIELD,A yes or no value indicating if the CARE_SITE_ID in the VISIT_DETAIL is the expected data type based on the specification.  Only checks integer fields.,VISIT_DETAIL,CARE_SITE_ID,NA,NA,field_cdm_datatype.sql,Conformance,Value,Verification,,,field_cdmdatatype_visit_detail_care_site_id,0,0,0,1,NULL,0,NULL
0,0.00000000000000000,87109,,,cdmDatatype,FIELD,A yes or no value indicating if the DISCHARGED_TO_CONCEPT_ID in the VISIT_DETAIL is the expected data type based on the specification.  Only checks integer fields.,VISIT_DETAIL,DISCHARGED_TO_CONCEPT_ID,NA,NA,field_cdm_datatype.sql,Conformance,Value,Verification,,,field_cdmdatatype_visit_detail_discharged_to_concept_id,0,0,0,1,NULL,0,NULL
0,0.00000000000000000,87109,,,cdmDatatype,FIELD,A yes or no value indicating if the PARENT_VISIT_DETAIL_ID in the VISIT_DETAIL is the expected data type based on the specification.  Only checks integer fields.,VISIT_DETAIL,PARENT_VISIT_DETAIL_ID,NA,NA,field_cdm_datatype.sql,Conformance,Value,Verification,,,field_cdmdatatype_visit_detail_parent_visit_detail_id,0,0,0,1,NULL,0,NULL
0,0.00000000000000000,87109,,,cdmDatatype,FIELD,A yes or no value indicating if the PERSON_ID in the VISIT_DETAIL is the expected data type based on the specification.  Only checks integer fields.,VISIT_DETAIL,PERSON_ID,NA,NA,field_cdm_datatype.sql,Conformance,Value,Verification,,,field_cdmdatatype_visit_detail_person_id,0,0,0,1,NULL,0,NULL
0,0.00000000000000000,87109,,,cdmDatatype,FIELD,A yes or no value indicating if the PRECEDING_VISIT_DETAIL_ID in the VISIT_DETAIL is the expected data type based on the specification.  Only checks integer fields.,VISIT_DETAIL,PRECEDING_VISIT_DETAIL_ID,NA,NA,field_cdm_datatype.sql,Conformance,Value,Verification,,,field_cdmdatatype_visit_detail_preceding_visit_detail_id,0,0,0,1,NULL,0,NULL
0,0.00000000000000000,87109,,,cdmDatatype,FIELD,A yes or no value indicating if the PROVIDER_ID in the VISIT_DETAIL is the expected data type based on the specification.  Only checks integer fields.,VISIT_DETAIL,PROVIDER_ID,NA,NA,field_cdm_datatype.sql,Conformance,Value,Verification,,,field_cdmdatatype_visit_detail_provider_id,0,0,0,1,NULL,0,NULL
0,0.00000000000000000,87109,,,cdmDatatype,FIELD,A yes or no value indicating if the VISIT_DETAIL_CONCEPT_ID in the VISIT_DETAIL is the expected data type based on the specification.  Only checks integer fields.,VISIT_DETAIL,VISIT_DETAIL_CONCEPT_ID,NA,NA,field_cdm_datatype.sql,Conformance,Value,Verification,,,field_cdmdatatype_visit_detail_visit_detail_concept_id,0,0,0,1,NULL,0,NULL
0,0.00000000000000000,87109,,,cdmDatatype,FIELD,A yes or no value indicating if the VISIT_DETAIL_ID in the VISIT_DETAIL is the expected data type based on the specification.  Only checks integer fields.,VISIT_DETAIL,VISIT_DETAIL_ID,NA,NA,field_cdm_datatype.sql,Conformance,Value,Verification,,,field_cdmdatatype_visit_detail_visit_detail_id,0,0,0,1,NULL,0,NULL
0,0.00000000000000000,87109,,,cdmDatatype,FIELD,A yes or no value indicating if the VISIT_DETAIL_TYPE_CONCEPT_ID in the VISIT_DETAIL is the expected data type based on the specification.  Only checks integer fields.,VISIT_DETAIL,VISIT_DETAIL_TYPE_CONCEPT_ID,NA,NA,field_cdm_datatype.sql,Conformance,Value,Verification,,,field_cdmdatatype_visit_detail_visit_detail_type_concept_id,0,0,0,1,NULL,0,NULL
0,0.00000000000000000,87109,,,cdmDatatype,FIELD,A yes or no value indicating if the ADMITTED_FROM_CONCEPT_ID in the VISIT_OCCURRENCE is the expected data type based on the specification.  Only checks integer fields.,VISIT_OCCURRENCE,ADMITTED_FROM_CONCEPT_ID,NA,NA,field_cdm_datatype.sql,Conformance,Value,Verification,,,field_cdmdatatype_visit_occurrence_admitted_from_concept_id,0,0,0,1,NULL,0,NULL
0,0.00000000000000000,87109,,,cdmDatatype,FIELD,A yes or no value indicating if the CARE_SITE_ID in the VISIT_OCCURRENCE is the expected data type based on the specification.  Only checks integer fields.,VISIT_OCCURRENCE,CARE_SITE_ID,NA,NA,field_cdm_datatype.sql,Conformance,Value,Verification,,,field_cdmdatatype_visit_occurrence_care_site_id,0,0,0,1,NULL,0,NULL
0,0.00000000000000000,87109,,,cdmDatatype,FIELD,A yes or no value indicating if the PRECEDING_VISIT_OCCURRENCE_ID in the VISIT_OCCURRENCE is the expected data type based on the specification.  Only checks integer fields.,VISIT_OCCURRENCE,PRECEDING_VISIT_OCCURRENCE_ID,NA,NA,field_cdm_datatype.sql,Conformance,Value,Verification,,,field_cdmdatatype_visit_occurrence_preceding_visit_occurrence_id,0,0,0,1,NULL,0,NULL
0,0.00000000000000000,87109,,,cdmDatatype,FIELD,A yes or no value indicating if the VISIT_CONCEPT_ID in the VISIT_OCCURRENCE is the expected data type based on the specification.  Only checks integer fields.,VISIT_OCCURRENCE,VISIT_CONCEPT_ID,NA,NA,field_cdm_datatype.sql,Conformance,Value,Verification,,,field_cdmdatatype_visit_occurrence_visit_concept_id,0,0,0,1,NULL,0,NULL
0,0.00000000000000000,87109,,,cdmDatatype,FIELD,A yes or no value indicating if the VISIT_OCCURRENCE_ID in the VISIT_OCCURRENCE is the expected data type based on the specification.  Only checks integer fields.,VISIT_OCCURRENCE,VISIT_OCCURRENCE_ID,NA,NA,field_cdm_datatype.sql,Conformance,Value,Verification,,,field_cdmdatatype_visit_occurrence_visit_occurrence_id,0,0,0,1,NULL,0,NULL
0,0.00000000000000000,87109,,,cdmDatatype,FIELD,A yes or no value indicating if the VISIT_SOURCE_CONCEPT_ID in the VISIT_OCCURRENCE is the expected data type based on the specification.  Only checks integer fields.,VISIT_OCCURRENCE,VISIT_SOURCE_CONCEPT_ID,NA,NA,field_cdm_datatype.sql,Conformance,Value,Verification,,,field_cdmdatatype_visit_occurrence_visit_source_concept_id,0,0,0,1,NULL,0,NULL
0,0.00000000000000000,81501898,,,cdmDatatype,FIELD,A yes or no value indicating if the MAX_LEVELS_OF_SEPARATION in the CONCEPT_ANCESTOR is the expected data type based on the specification.  Only checks integer fields.,CONCEPT_ANCESTOR,MAX_LEVELS_OF_SEPARATION,NA,NA,field_cdm_datatype.sql,Conformance,Value,Verification,,,field_cdmdatatype_concept_ancestor_max_levels_of_separation,0,0,0,1,NULL,0,NULL
0,0.00000000000000000,417,,,cdmDatatype,FIELD,A yes or no value indicating if the CONCEPT_CLASS_CONCEPT_ID in the CONCEPT_CLASS is the expected data type based on the specification.  Only checks integer fields.,CONCEPT_CLASS,CONCEPT_CLASS_CONCEPT_ID,NA,NA,field_cdm_datatype.sql,Conformance,Value,Verification,,,field_cdmdatatype_concept_class_concept_class_concept_id,0,0,0,1,NULL,0,NULL
0,0.00000000000000000,59919626,,,cdmDatatype,FIELD,A yes or no value indicating if the CONCEPT_ID_2 in the CONCEPT_RELATIONSHIP is the expected data type based on the specification.  Only checks integer fields.,CONCEPT_RELATIONSHIP,CONCEPT_ID_2,NA,NA,field_cdm_datatype.sql,Conformance,Value,Verification,,,field_cdmdatatype_concept_relationship_concept_id_2,0,0,0,1,NULL,0,NULL
0,0.00000000000000000,22399,,,cdmDatatype,FIELD,A yes or no value indicating if the CONDITION_CONCEPT_ID in the CONDITION_OCCURRENCE is the expected data type based on the specification.  Only checks integer fields.,CONDITION_OCCURRENCE,CONDITION_CONCEPT_ID,NA,NA,field_cdm_datatype.sql,Conformance,Value,Verification,,,field_cdmdatatype_condition_occurrence_condition_concept_id,0,0,0,1,NULL,0,NULL
0,0.00000000000000000,22399,,,cdmDatatype,FIELD,A yes or no value indicating if the VISIT_DETAIL_ID in the CONDITION_OCCURRENCE is the expected data type based on the specification.  Only checks integer fields.,CONDITION_OCCURRENCE,VISIT_DETAIL_ID,NA,NA,field_cdm_datatype.sql,Conformance,Value,Verification,,,field_cdmdatatype_condition_occurrence_visit_detail_id,0,0,0,1,NULL,0,NULL
0,0.00000000000000000,22399,,,cdmDatatype,FIELD,A yes or no value indicating if the VISIT_OCCURRENCE_ID in the CONDITION_OCCURRENCE is the expected data type based on the specification.  Only checks integer fields.,CONDITION_OCCURRENCE,VISIT_OCCURRENCE_ID,NA,NA,field_cdm_datatype.sql,Conformance,Value,Verification,,,field_cdmdatatype_condition_occurrence_visit_occurrence_id,0,0,0,1,NULL,0,NULL
0,0.00000000000000000,223619,,,cdmDatatype,FIELD,A yes or no value indicating if the COST_EVENT_ID in the COST is the expected data type based on the specification.  Only checks integer fields.,COST,COST_EVENT_ID,NA,NA,field_cdm_datatype.sql,Conformance,Value,Verification,,,field_cdmdatatype_cost_cost_event_id,0,0,0,1,NULL,0,NULL
0,0.00000000000000000,9778,,,cdmDatatype,FIELD,A yes or no value indicating if the DRUG_ERA_ID in the DRUG_ERA is the expected data type based on the specification.  Only checks integer fields.,DRUG_ERA,DRUG_ERA_ID,NA,NA,field_cdm_datatype.sql,Conformance,Value,Verification,,,field_cdmdatatype_drug_era_drug_era_id,0,0,0,1,NULL,0,NULL
0,0.00000000000000000,124492,,,cdmDatatype,FIELD,A yes or no value indicating if the REFILLS in the DRUG_EXPOSURE is the expected data type based on the specification.  Only checks integer fields.,DRUG_EXPOSURE,REFILLS,NA,NA,field_cdm_datatype.sql,Conformance,Value,Verification,,,field_cdmdatatype_drug_exposure_refills,0,0,0,1,NULL,0,NULL
0,0.00000000000000000,2976841,,,cdmDatatype,FIELD,A yes or no value indicating if the BOX_SIZE in the DRUG_STRENGTH is the expected data type based on the specification.  Only checks integer fields.,DRUG_STRENGTH,BOX_SIZE,NA,NA,field_cdm_datatype.sql,Conformance,Value,Verification,,,field_cdmdatatype_drug_strength_box_size,0,0,0,1,NULL,0,NULL
0,0.00000000000000000,2976841,,,cdmDatatype,FIELD,A yes or no value indicating if the DRUG_CONCEPT_ID in the DRUG_STRENGTH is the expected data type based on the specification.  Only checks integer fields.,DRUG_STRENGTH,DRUG_CONCEPT_ID,NA,NA,field_cdm_datatype.sql,Conformance,Value,Verification,,,field_cdmdatatype_drug_strength_drug_concept_id,0,0,0,1,NULL,0,NULL
0,0.00000000000000000,717806,,,cdmDatatype,FIELD,A yes or no value indicating if the PERSON_ID in the MEASUREMENT is the expected data type based on the specification.  Only checks integer fields.,MEASUREMENT,PERSON_ID,NA,NA,field_cdm_datatype.sql,Conformance,Value,Verification,,,field_cdmdatatype_measurement_person_id,0,0,0,1,NULL,0,NULL
0,0.00000000000000000,717806,,,cdmDatatype,FIELD,A yes or no value indicating if the VISIT_OCCURRENCE_ID in the MEASUREMENT is the expected data type based on the specification.  Only checks integer fields.,MEASUREMENT,VISIT_OCCURRENCE_ID,NA,NA,field_cdm_datatype.sql,Conformance,Value,Verification,,,field_cdmdatatype_measurement_visit_occurrence_id,0,0,0,1,NULL,0,NULL
0,0.00000000000000000,1160,,,cdmDatatype,FIELD,A yes or no value indicating if the DAY_OF_BIRTH in the person is the expected data type based on the specification.  Only checks integer fields.,person,DAY_OF_BIRTH,NA,NA,field_cdm_datatype.sql,Conformance,Value,Verification,,,field_cdmdatatype_person_day_of_birth,0,0,0,1,NULL,0,NULL
